,RECORD_NO,COMPANY_CODE,COMPANY_NAME,AWARANESS,FAMILIARITY,Used Last Season/This Season,FUTURE_USE,SATISFACTION,PREFERENCE
0,1135,106.0,Maślak,5,5.0,1,4.0,1.0,1.0
1,1150,108.0,Gołąbek,5,3.0,4,4.0,2.0,1.0
2,1154,101.0,Borowik,5,4.0,5,5.0,5.0,1.0
4,1167,108.0,Gołąbek,5,4.0,5,4.0,2.0,1.0
5,1177,108.0,Gołąbek,5,2.0,1,2.0,1.0,1.0
6,1187,101.0,Borowik,5,1.0,5,2.0,1.0,1.0
9,1234,108.0,Gołąbek,5,3.0,4,5.0,3.0,1.0
10,1242,108.0,Gołąbek,5,5.0,4,3.0,5.0,1.0
12,1280,101.0,Borowik,5,4.0,5,1.0,5.0,1.0
13,1301,105.0,Koźlarz,5,2.0,5,2.0,3.0,3.0
16,1344,108.0,Gołąbek,5,1.0,5,3.0,2.0,1.0
17,1357,108.0,Gołąbek,5,1.0,5,4.0,3.0,1.0
18,1368,108.0,Gołąbek,5,2.0,4,1.0,3.0,1.0
19,1375,102.0,Czubajka,5,3.0,5,2.0,2.0,1.0
20,1387,101.0,Borowik,5,3.0,5,5.0,3.0,1.0
21,1393,108.0,Gołąbek,5,3.0,3,1.0,1.0,1.0
22,1403,108.0,Gołąbek,5,3.0,1,2.0,1.0,1.0
24,1412,108.0,Gołąbek,5,4.0,3,1.0,1.0,1.0
25,1419,108.0,Gołąbek,5,2.0,5,1.0,4.0,1.0
26,1430,103.0,Gąska,5,2.0,5,5.0,4.0,1.0
29,1462,101.0,Borowik,5,4.0,5,1.0,3.0,5.0
30,1475,108.0,Gołąbek,5,2.0,4,4.0,4.0,1.0
33,1490,108.0,Gołąbek,5,2.0,3,3.0,1.0,1.0
34,1491,108.0,Gołąbek,5,4.0,3,4.0,1.0,1.0
35,1501,104.0,Podgrzybek,5,5.0,3,1.0,1.0,1.0
36,1508,108.0,Gołąbek,5,2.0,5,1.0,3.0,1.0
37,1514,108.0,Gołąbek,5,4.0,5,4.0,1.0,1.0
38,1540,104.0,Podgrzybek,5,4.0,4,3.0,2.0,1.0
39,1562,108.0,Gołąbek,5,4.0,5,5.0,1.0,1.0
40,1583,108.0,Gołąbek,5,3.0,3,4.0,1.0,1.0
41,1593,109.0,Boczniak,5,4.0,4,5.0,3.0,5.0
43,1612,104.0,Podgrzybek,5,2.0,1,5.0,1.0,1.0
44,1626,108.0,Gołąbek,5,2.0,3,2.0,1.0,1.0
45,1634,108.0,Gołąbek,5,5.0,5,2.0,1.0,3.0
46,1649,101.0,Borowik,5,4.0,5,3.0,3.0,1.0
47,1654,104.0,Podgrzybek,5,4.0,5,5.0,1.0,1.0
48,1664,105.0,Koźlarz,5,4.0,4,4.0,4.0,1.0
49,1672,108.0,Gołąbek,5,5.0,1,4.0,1.0,1.0
50,1674,102.0,Czubajka,5,5.0,5,5.0,5.0,1.0
51,1692,108.0,Gołąbek,5,3.0,5,4.0,1.0,1.0
53,1729,108.0,Gołąbek,5,3.0,3,2.0,1.0,1.0
56,1767,108.0,Gołąbek,5,4.0,4,1.0,4.0,1.0
57,1777,108.0,Gołąbek,5,2.0,1,2.0,1.0,1.0
58,1783,108.0,Gołąbek,5,4.0,4,4.0,3.0,1.0
59,1828,108.0,Gołąbek,5,4.0,5,4.0,5.0,3.0
60,1869,108.0,Gołąbek,5,2.0,1,5.0,1.0,1.0
61,1928,101.0,Borowik,5,4.0,5,999.0,4.0,1.0
62,1961,107.0,Opieńka,5,5.0,1,5.0,1.0,5.0
63,1969,105.0,Koźlarz,5,2.0,1,5.0,1.0,1.0
64,1971,108.0,Gołąbek,5,5.0,4,4.0,5.0,1.0
65,1976,109.0,Boczniak,5,3.0,5,5.0,2.0,1.0
66,1978,102.0,Czubajka,5,4.0,3,4.0,1.0,1.0
67,2008,105.0,Koźlarz,5,1.0,1,1.0,1.0,1.0
68,2027,106.0,Maślak,5,5.0,4,4.0,4.0,1.0
69,2036,110.0,Pieczarka,5,5.0,3,999.0,1.0,3.0
70,2053,101.0,Borowik,5,4.0,1,3.0,1.0,1.0
71,2066,107.0,Opieńka,5,1.0,5,1.0,2.0,1.0
72,2069,103.0,Gąska,5,2.0,4,3.0,4.0,3.0
73,2070,104.0,Podgrzybek,5,2.0,1,4.0,1.0,3.0
74,2086,106.0,Maślak,5,1.0,3,5.0,1.0,1.0
75,2107,101.0,Borowik,5,2.0,4,2.0,5.0,1.0
76,2114,102.0,Czubajka,5,1.0,4,5.0,5.0,1.0
77,2120,107.0,Opieńka,5,4.0,1,1.0,1.0,1.0
78,2122,108.0,Gołąbek,5,2.0,3,5.0,1.0,1.0
79,2131,107.0,Opieńka,5,3.0,1,5.0,1.0,1.0
80,2147,109.0,Boczniak,5,2.0,4,2.0,2.0,1.0
81,2164,108.0,Gołąbek,5,4.0,1,1.0,1.0,1.0
82,2167,106.0,Maślak,5,2.0,3,5.0,1.0,1.0
83,2170,102.0,Czubajka,5,3.0,5,2.0,1.0,1.0
84,2180,108.0,Gołąbek,5,2.0,3,5.0,1.0,1.0
85,2192,107.0,Opieńka,5,2.0,3,5.0,1.0,3.0
86,2201,104.0,Podgrzybek,5,4.0,4,1.0,3.0,1.0
87,2205,107.0,Opieńka,5,3.0,1,3.0,1.0,1.0
88,2214,101.0,Borowik,5,4.0,4,5.0,2.0,1.0
89,2218,108.0,Gołąbek,5,4.0,3,2.0,1.0,1.0
90,2227,109.0,Boczniak,5,1.0,5,2.0,2.0,1.0
91,2235,109.0,Boczniak,5,3.0,4,2.0,3.0,1.0
92,2247,106.0,Maślak,5,4.0,1,4.0,1.0,3.0
93,2250,104.0,Podgrzybek,5,2.0,5,3.0,1.0,3.0
94,2265,106.0,Maślak,5,2.0,4,5.0,4.0,1.0
95,2279,105.0,Koźlarz,5,2.0,1,4.0,1.0,1.0
96,2283,110.0,Pieczarka,5,2.0,3,3.0,1.0,3.0
97,2285,106.0,Maślak,5,2.0,5,5.0,5.0,1.0
98,2287,110.0,Pieczarka,5,1.0,1,1.0,1.0,1.0
99,2296,102.0,Czubajka,5,3.0,3,4.0,1.0,1.0
100,2304,105.0,Koźlarz,5,3.0,4,1.0,3.0,1.0
101,2309,107.0,Opieńka,5,3.0,5,5.0,5.0,5.0
102,2313,105.0,Koźlarz,5,3.0,5,5.0,3.0,1.0
103,2316,106.0,Maślak,5,1.0,3,3.0,1.0,1.0
104,2324,105.0,Koźlarz,5,4.0,1,2.0,1.0,1.0
105,2329,105.0,Koźlarz,5,2.0,3,1.0,1.0,1.0
106,2355,104.0,Podgrzybek,5,4.0,5,4.0,2.0,1.0
107,2356,105.0,Koźlarz,5,2.0,5,1.0,5.0,1.0
108,2368,103.0,Gąska,5,2.0,1,3.0,1.0,1.0
109,2373,101.0,Borowik,5,4.0,1,1.0,1.0,1.0
110,2375,103.0,Gąska,5,2.0,4,5.0,3.0,1.0
111,2386,108.0,Gołąbek,5,1.0,3,2.0,1.0,1.0
112,2391,108.0,Gołąbek,5,4.0,3,5.0,1.0,5.0
113,2403,109.0,Boczniak,5,4.0,1,5.0,1.0,1.0
114,2407,110.0,Pieczarka,5,4.0,4,4.0,5.0,1.0
115,2418,104.0,Podgrzybek,5,1.0,1,1.0,1.0,1.0
116,2430,101.0,Borowik,5,3.0,3,5.0,1.0,1.0
117,2437,107.0,Opieńka,5,2.0,3,5.0,1.0,1.0
118,2441,110.0,Pieczarka,5,1.0,4,3.0,4.0,1.0
119,2455,109.0,Boczniak,5,2.0,3,4.0,1.0,1.0
120,2466,107.0,Opieńka,5,4.0,4,5.0,1.0,1.0
121,2470,105.0,Koźlarz,5,4.0,5,1.0,3.0,5.0
122,2484,103.0,Gąska,5,4.0,1,1.0,1.0,1.0
123,2489,109.0,Boczniak,5,3.0,3,4.0,1.0,1.0
124,2509,102.0,Czubajka,5,2.0,4,4.0,4.0,1.0
125,2520,104.0,Podgrzybek,5,2.0,4,3.0,2.0,1.0
126,2523,104.0,Podgrzybek,5,3.0,1,5.0,1.0,1.0
127,2527,101.0,Borowik,5,1.0,4,5.0,5.0,5.0
128,2545,109.0,Boczniak,5,5.0,1,3.0,1.0,1.0
129,2549,103.0,Gąska,5,1.0,1,4.0,1.0,1.0
130,2563,104.0,Podgrzybek,5,3.0,4,3.0,2.0,5.0
131,2567,110.0,Pieczarka,5,1.0,1,2.0,1.0,1.0
132,2579,101.0,Borowik,5,2.0,3,3.0,1.0,1.0
133,2583,105.0,Koźlarz,5,2.0,1,4.0,1.0,1.0
134,2590,109.0,Boczniak,5,2.0,4,4.0,2.0,5.0
135,2594,109.0,Boczniak,5,5.0,4,4.0,5.0,1.0
136,2598,106.0,Maślak,5,5.0,5,1.0,5.0,1.0
137,2609,103.0,Gąska,5,1.0,3,1.0,1.0,1.0
138,2613,103.0,Gąska,5,2.0,4,1.0,2.0,1.0
139,2615,105.0,Koźlarz,5,1.0,1,3.0,1.0,1.0
140,2619,103.0,Gąska,5,4.0,3,2.0,1.0,1.0
141,2620,104.0,Podgrzybek,5,1.0,5,2.0,2.0,1.0
142,2623,102.0,Czubajka,5,3.0,3,1.0,1.0,1.0
143,2625,102.0,Czubajka,5,4.0,3,1.0,1.0,1.0
144,2631,109.0,Boczniak,5,4.0,5,3.0,2.0,1.0
145,2634,110.0,Pieczarka,5,5.0,3,2.0,1.0,1.0
146,2642,106.0,Maślak,5,5.0,1,2.0,1.0,1.0
147,2643,110.0,Pieczarka,5,3.0,4,3.0,4.0,1.0
148,2645,110.0,Pieczarka,5,4.0,5,5.0,3.0,1.0
149,2651,107.0,Opieńka,5,2.0,5,1.0,5.0,1.0
150,2664,109.0,Boczniak,5,4.0,4,4.0,5.0,1.0
151,2670,110.0,Pieczarka,5,5.0,4,4.0,3.0,1.0
152,2674,101.0,Borowik,5,4.0,3,5.0,1.0,1.0
153,2688,102.0,Czubajka,5,2.0,1,5.0,1.0,3.0
154,2691,110.0,Pieczarka,5,1.0,1,5.0,1.0,1.0
155,2695,103.0,Gąska,5,5.0,3,2.0,1.0,1.0
156,2703,101.0,Borowik,5,1.0,3,4.0,1.0,1.0
157,2707,109.0,Boczniak,5,5.0,1,3.0,1.0,1.0
158,2727,107.0,Opieńka,5,5.0,1,4.0,1.0,1.0
159,2731,107.0,Opieńka,5,4.0,5,4.0,5.0,1.0
160,2742,105.0,Koźlarz,5,2.0,3,5.0,1.0,3.0
161,2744,107.0,Opieńka,5,1.0,1,5.0,1.0,1.0
162,2748,107.0,Opieńka,5,4.0,1,5.0,1.0,1.0
163,2754,110.0,Pieczarka,5,4.0,4,5.0,5.0,1.0
164,2757,101.0,Borowik,5,3.0,4,3.0,1.0,3.0
165,2766,106.0,Maślak,5,3.0,1,1.0,1.0,1.0
166,2775,107.0,Opieńka,5,4.0,3,2.0,1.0,3.0
167,2780,101.0,Borowik,5,4.0,3,5.0,1.0,1.0
168,2786,108.0,Gołąbek,5,3.0,4,2.0,3.0,1.0
169,2798,101.0,Borowik,5,5.0,1,5.0,1.0,1.0
170,2801,109.0,Boczniak,5,5.0,4,1.0,5.0,5.0
171,2809,107.0,Opieńka,5,3.0,1,4.0,1.0,1.0
172,2813,104.0,Podgrzybek,5,3.0,5,5.0,2.0,1.0
173,2817,107.0,Opieńka,5,3.0,3,3.0,1.0,1.0
174,2822,103.0,Gąska,5,1.0,1,1.0,1.0,1.0
175,2837,105.0,Koźlarz,5,1.0,1,3.0,1.0,1.0
176,2862,110.0,Pieczarka,5,4.0,1,3.0,1.0,1.0
177,2865,103.0,Gąska,5,3.0,4,3.0,1.0,1.0
178,2880,101.0,Borowik,5,1.0,4,1.0,2.0,1.0
179,2886,108.0,Gołąbek,5,2.0,1,3.0,1.0,1.0
180,1135,108.0,Gołąbek,4,3.0,1,4.0,1.0,1.0
181,1150,105.0,Koźlarz,4,5.0,1,5.0,1.0,1.0
182,1154,102.0,Czubajka,4,3.0,4,4.0,2.0,1.0
183,1167,102.0,Czubajka,4,5.0,5,3.0,4.0,1.0
184,1177,101.0,Borowik,4,3.0,5,5.0,1.0,1.0
185,1187,108.0,Gołąbek,4,2.0,4,1.0,5.0,1.0
186,1230,101.0,Borowik,4,2.0,5,5.0,1.0,1.0
187,1234,101.0,Borowik,4,1.0,5,1.0,4.0,1.0
188,1242,101.0,Borowik,4,999.0,4,5.0,5.0,1.0
190,1280,108.0,Gołąbek,4,3.0,4,2.0,4.0,1.0
191,1301,108.0,Gołąbek,4,2.0,1,1.0,1.0,1.0
192,1319,108.0,Gołąbek,4,5.0,1,4.0,1.0,5.0
194,1344,105.0,Koźlarz,4,2.0,5,2.0,2.0,1.0
195,1357,102.0,Czubajka,4,3.0,1,5.0,1.0,1.0
196,1368,101.0,Borowik,4,2.0,1,1.0,1.0,1.0
198,1387,108.0,Gołąbek,4,4.0,4,5.0,1.0,1.0
199,1393,102.0,Czubajka,4,3.0,5,5.0,4.0,1.0
200,1403,101.0,Borowik,4,3.0,5,3.0,4.0,1.0
202,1412,106.0,Maślak,4,4.0,1,1.0,1.0,1.0
203,1419,101.0,Borowik,4,4.0,3,5.0,1.0,1.0
204,1430,108.0,Gołąbek,4,1.0,1,3.0,1.0,1.0
205,1439,108.0,Gołąbek,4,2.0,1,4.0,1.0,5.0
206,1462,108.0,Gołąbek,4,3.0,1,1.0,1.0,1.0
207,1475,105.0,Koźlarz,4,2.0,3,4.0,1.0,1.0
208,1490,101.0,Borowik,4,1.0,5,1.0,2.0,1.0
209,1491,105.0,Koźlarz,4,4.0,3,1.0,1.0,1.0
211,1508,101.0,Borowik,4,3.0,5,5.0,5.0,1.0
212,1514,107.0,Opieńka,4,5.0,1,1.0,1.0,1.0
214,1583,106.0,Maślak,4,2.0,5,2.0,2.0,3.0
215,1599,101.0,Borowik,4,2.0,4,1.0,5.0,1.0
217,1626,102.0,Czubajka,4,2.0,5,1.0,5.0,1.0
219,1649,105.0,Koźlarz,4,1.0,3,5.0,1.0,1.0
220,1654,108.0,Gołąbek,4,5.0,3,4.0,1.0,1.0
221,1664,101.0,Borowik,4,3.0,5,2.0,2.0,1.0
222,1672,101.0,Borowik,4,2.0,4,5.0,4.0,1.0
223,1674,101.0,Borowik,4,3.0,5,1.0,3.0,1.0
224,1692,101.0,Borowik,4,2.0,1,1.0,1.0,1.0
225,1729,101.0,Borowik,4,3.0,5,1.0,2.0,1.0
226,1733,108.0,Gołąbek,4,2.0,5,3.0,1.0,1.0
227,1739,105.0,Koźlarz,4,3.0,5,3.0,1.0,3.0
228,1767,101.0,Borowik,4,2.0,5,5.0,3.0,1.0
229,1777,102.0,Czubajka,4,1.0,4,5.0,4.0,5.0
230,1783,101.0,Borowik,4,3.0,4,5.0,2.0,1.0
231,1828,105.0,Koźlarz,4,2.0,5,3.0,3.0,1.0
232,1869,101.0,Borowik,4,3.0,5,1.0,5.0,1.0
233,1928,108.0,Gołąbek,4,3.0,4,2.0,4.0,3.0
234,1961,101.0,Borowik,4,5.0,3,4.0,1.0,1.0
235,1971,109.0,Boczniak,4,2.0,4,1.0,3.0,1.0
236,1978,104.0,Podgrzybek,4,5.0,3,3.0,1.0,1.0
237,2027,103.0,Gąska,4,5.0,5,2.0,1.0,1.0
238,2036,102.0,Czubajka,4,1.0,4,3.0,1.0,1.0
239,2053,103.0,Gąska,4,2.0,1,5.0,1.0,1.0
240,2066,103.0,Gąska,4,5.0,3,5.0,1.0,5.0
241,2069,108.0,Gołąbek,4,4.0,3,1.0,1.0,5.0
242,2070,109.0,Boczniak,4,1.0,5,2.0,2.0,1.0
243,2086,103.0,Gąska,4,4.0,3,5.0,1.0,3.0
244,2107,107.0,Opieńka,4,1.0,1,4.0,1.0,1.0
245,2114,107.0,Opieńka,4,1.0,3,2.0,1.0,1.0
246,2120,105.0,Koźlarz,4,3.0,1,2.0,1.0,1.0
247,2122,105.0,Koźlarz,4,3.0,3,1.0,1.0,1.0
248,2147,103.0,Gąska,4,2.0,4,3.0,1.0,1.0
249,2164,106.0,Maślak,4,4.0,1,4.0,1.0,1.0
250,2167,110.0,Pieczarka,4,5.0,1,4.0,1.0,1.0
251,2180,103.0,Gąska,4,2.0,5,3.0,3.0,1.0
252,2192,109.0,Boczniak,4,1.0,4,1.0,2.0,5.0
253,2201,108.0,Gołąbek,4,5.0,5,5.0,3.0,5.0
254,2205,108.0,Gołąbek,4,4.0,3,5.0,1.0,1.0
255,2214,110.0,Pieczarka,4,5.0,3,5.0,1.0,1.0
256,2218,106.0,Maślak,4,5.0,5,2.0,1.0,1.0
257,2227,103.0,Gąska,4,1.0,3,3.0,1.0,1.0
258,2235,106.0,Maślak,4,1.0,5,1.0,1.0,1.0
259,2250,108.0,Gołąbek,4,999.0,1,2.0,1.0,1.0
260,2265,107.0,Opieńka,4,2.0,1,2.0,1.0,1.0
261,2283,104.0,Podgrzybek,4,3.0,1,2.0,1.0,1.0
262,2285,102.0,Czubajka,4,4.0,4,5.0,4.0,1.0
263,2296,110.0,Pieczarka,4,2.0,1,4.0,1.0,1.0
264,2309,101.0,Borowik,4,2.0,4,4.0,1.0,3.0
265,2313,104.0,Podgrzybek,4,4.0,3,4.0,1.0,1.0
266,2329,102.0,Czubajka,4,5.0,3,3.0,1.0,1.0
267,2355,106.0,Maślak,4,2.0,1,2.0,1.0,1.0
268,2375,110.0,Pieczarka,4,3.0,4,2.0,1.0,5.0
269,2386,101.0,Borowik,4,5.0,1,1.0,1.0,1.0
270,2391,105.0,Koźlarz,4,2.0,1,1.0,1.0,1.0
271,2407,106.0,Maślak,4,3.0,1,2.0,1.0,5.0
272,2418,107.0,Opieńka,4,4.0,1,5.0,1.0,5.0
273,2437,103.0,Gąska,4,5.0,4,5.0,5.0,1.0
274,2455,101.0,Borowik,4,3.0,5,4.0,3.0,1.0
275,2484,105.0,Koźlarz,4,3.0,4,4.0,5.0,5.0
276,2489,101.0,Borowik,4,1.0,3,5.0,1.0,1.0
277,2509,104.0,Podgrzybek,4,4.0,1,3.0,1.0,1.0
278,2520,109.0,Boczniak,4,2.0,1,4.0,1.0,1.0
279,2549,104.0,Podgrzybek,4,5.0,4,3.0,5.0,1.0
280,2579,106.0,Maślak,4,2.0,1,1.0,1.0,1.0
281,2594,104.0,Podgrzybek,4,1.0,4,5.0,5.0,1.0
282,2598,103.0,Gąska,4,4.0,1,3.0,1.0,3.0
283,2609,102.0,Czubajka,4,3.0,1,3.0,1.0,1.0
284,2613,105.0,Koźlarz,4,3.0,3,3.0,1.0,5.0
285,2615,107.0,Opieńka,4,1.0,5,1.0,4.0,1.0
286,2619,102.0,Czubajka,4,2.0,5,1.0,4.0,1.0
287,2620,103.0,Gąska,4,2.0,4,1.0,2.0,1.0
288,2625,103.0,Gąska,4,2.0,4,2.0,2.0,1.0
289,2631,102.0,Czubajka,4,1.0,1,3.0,1.0,1.0
290,2643,109.0,Boczniak,4,3.0,4,5.0,4.0,1.0
291,2645,103.0,Gąska,4,1.0,4,3.0,3.0,1.0
292,2664,101.0,Borowik,4,1.0,3,5.0,1.0,1.0
293,2674,103.0,Gąska,4,3.0,1,2.0,1.0,1.0
294,2688,107.0,Opieńka,4,3.0,5,3.0,1.0,1.0
295,2691,102.0,Czubajka,4,2.0,4,2.0,5.0,1.0
296,2695,104.0,Podgrzybek,4,3.0,3,1.0,1.0,1.0
297,2703,106.0,Maślak,4,4.0,5,5.0,5.0,5.0
298,2707,104.0,Podgrzybek,4,5.0,1,5.0,1.0,1.0
299,2727,105.0,Koźlarz,4,3.0,4,3.0,4.0,1.0
300,2742,110.0,Pieczarka,4,2.0,1,5.0,1.0,1.0
301,2748,110.0,Pieczarka,4,1.0,1,5.0,1.0,1.0
302,2766,104.0,Podgrzybek,4,3.0,5,1.0,1.0,1.0
303,2775,103.0,Gąska,4,3.0,1,3.0,1.0,1.0
304,2780,102.0,Czubajka,4,2.0,1,2.0,1.0,1.0
305,2786,104.0,Podgrzybek,4,1.0,3,3.0,1.0,1.0
306,2809,105.0,Koźlarz,4,3.0,1,3.0,1.0,1.0
307,2813,102.0,Czubajka,4,5.0,1,1.0,1.0,1.0
308,2817,109.0,Boczniak,4,4.0,1,1.0,1.0,1.0
309,2822,102.0,Czubajka,4,4.0,3,4.0,1.0,1.0
310,2865,107.0,Opieńka,4,5.0,4,3.0,5.0,1.0
311,2880,110.0,Pieczarka,4,5.0,1,4.0,1.0,5.0
312,2886,101.0,Borowik,4,2.0,1,5.0,1.0,1.0
313,1154,108.0,Gołąbek,4,3.0,4,4.0,4.0,1.0
314,1167,101.0,Borowik,4,4.0,5,3.0,2.0,1.0
315,1177,105.0,Koźlarz,4,4.0,3,5.0,1.0,1.0
316,1187,102.0,Czubajka,4,2.0,5,5.0,5.0,1.0
317,1230,108.0,Gołąbek,4,4.0,3,4.0,1.0,1.0
319,1253,101.0,Borowik,4,1.0,5,2.0,5.0,1.0
321,1319,101.0,Borowik,4,2.0,5,2.0,4.0,1.0
322,1344,101.0,Borowik,4,2.0,5,2.0,5.0,1.0
323,1357,104.0,Podgrzybek,4,3.0,1,5.0,1.0,1.0
324,1387,104.0,Podgrzybek,4,3.0,4,4.0,2.0,1.0
325,1393,101.0,Borowik,4,4.0,5,5.0,2.0,5.0
328,1419,105.0,Koźlarz,4,4.0,5,5.0,5.0,1.0
329,1430,101.0,Borowik,4,3.0,5,4.0,2.0,1.0
331,1501,105.0,Koźlarz,4,1.0,4,5.0,5.0,3.0
332,1508,104.0,Podgrzybek,4,3.0,5,4.0,1.0,1.0
333,1514,102.0,Czubajka,4,5.0,5,4.0,5.0,1.0
334,1540,106.0,Maślak,4,2.0,3,3.0,1.0,1.0
335,1583,101.0,Borowik,4,3.0,5,3.0,4.0,1.0
336,1612,106.0,Maślak,4,4.0,5,2.0,3.0,1.0
337,1626,101.0,Borowik,4,3.0,5,5.0,2.0,5.0
338,1634,101.0,Borowik,4,2.0,5,2.0,4.0,1.0
339,1649,106.0,Maślak,4,5.0,3,4.0,1.0,5.0
340,1654,101.0,Borowik,4,5.0,5,5.0,4.0,5.0
341,1664,108.0,Gołąbek,4,3.0,1,4.0,1.0,1.0
342,1672,102.0,Czubajka,4,2.0,3,5.0,1.0,1.0
343,1692,102.0,Czubajka,4,2.0,5,4.0,1.0,1.0
344,1739,108.0,Gołąbek,4,4.0,1,4.0,1.0,1.0
345,1767,102.0,Czubajka,4,3.0,5,4.0,1.0,1.0
346,1783,102.0,Czubajka,4,5.0,4,5.0,4.0,1.0
347,1828,101.0,Borowik,4,5.0,5,5.0,4.0,1.0
348,1928,102.0,Czubajka,4,4.0,1,5.0,1.0,1.0
349,1971,105.0,Koźlarz,4,5.0,1,4.0,1.0,1.0
350,1978,110.0,Pieczarka,4,4.0,1,4.0,1.0,5.0
351,2027,110.0,Pieczarka,4,3.0,1,1.0,1.0,1.0
352,2036,108.0,Gołąbek,4,5.0,1,5.0,1.0,1.0
353,2066,109.0,Boczniak,4,5.0,5,5.0,4.0,1.0
354,2069,102.0,Czubajka,4,3.0,4,2.0,1.0,1.0
355,2122,109.0,Boczniak,4,4.0,1,4.0,1.0,1.0
356,2147,106.0,Maślak,4,2.0,1,2.0,1.0,1.0
357,2164,109.0,Boczniak,4,2.0,1,5.0,1.0,1.0
358,2167,109.0,Boczniak,4,4.0,5,3.0,2.0,1.0
359,2192,103.0,Gąska,4,5.0,5,2.0,3.0,1.0
360,2201,105.0,Koźlarz,4,3.0,1,3.0,1.0,1.0
361,2218,109.0,Boczniak,4,5.0,3,1.0,1.0,5.0
362,2235,105.0,Koźlarz,4,4.0,3,1.0,1.0,1.0
363,2250,102.0,Czubajka,4,1.0,4,2.0,4.0,1.0
364,2265,110.0,Pieczarka,4,4.0,1,5.0,1.0,1.0
365,2296,103.0,Gąska,4,4.0,3,4.0,1.0,1.0
366,2309,108.0,Gołąbek,4,3.0,5,4.0,1.0,1.0
367,2355,102.0,Czubajka,4,5.0,3,4.0,1.0,1.0
368,2386,102.0,Czubajka,4,2.0,3,4.0,1.0,1.0
369,2407,104.0,Podgrzybek,4,5.0,4,5.0,4.0,1.0
370,2437,102.0,Czubajka,4,1.0,5,2.0,1.0,5.0
371,2484,109.0,Boczniak,4,4.0,1,1.0,1.0,1.0
372,2509,107.0,Opieńka,4,1.0,3,2.0,1.0,5.0
373,2549,108.0,Gołąbek,4,5.0,4,2.0,5.0,5.0
374,2598,107.0,Opieńka,4,5.0,1,5.0,1.0,1.0
375,2609,105.0,Koźlarz,4,2.0,3,5.0,1.0,1.0
376,2613,104.0,Podgrzybek,4,5.0,4,1.0,5.0,1.0
377,2620,106.0,Maślak,4,2.0,1,4.0,1.0,5.0
378,2664,110.0,Pieczarka,4,4.0,4,2.0,5.0,1.0
379,2688,108.0,Gołąbek,4,5.0,4,5.0,2.0,1.0
380,2695,107.0,Opieńka,4,2.0,1,5.0,1.0,1.0
381,2703,110.0,Pieczarka,4,5.0,1,3.0,1.0,1.0
382,2707,106.0,Maślak,4,4.0,1,1.0,1.0,1.0
383,2766,107.0,Opieńka,4,1.0,1,3.0,1.0,1.0
384,2775,102.0,Czubajka,4,1.0,5,1.0,1.0,5.0
385,2786,103.0,Gąska,4,4.0,5,3.0,3.0,5.0
386,2813,110.0,Pieczarka,4,4.0,1,4.0,1.0,1.0
387,2817,103.0,Gąska,4,4.0,3,4.0,1.0,1.0
388,2880,109.0,Boczniak,4,5.0,5,4.0,2.0,3.0
389,1154,104.0,Podgrzybek,4,999.0,4,5.0,5.0,3.0
390,1177,102.0,Czubajka,4,2.0,3,5.0,1.0,1.0
392,1253,102.0,Czubajka,4,3.0,5,5.0,1.0,1.0
393,1319,102.0,Czubajka,4,3.0,4,5.0,1.0,3.0
394,1357,101.0,Borowik,4,2.0,5,2.0,5.0,5.0
395,1387,106.0,Maślak,4,3.0,4,5.0,1.0,1.0
396,1393,105.0,Koźlarz,4,3.0,5,4.0,1.0,1.0
398,1419,102.0,Czubajka,4,3.0,5,2.0,5.0,1.0
399,1430,102.0,Czubajka,4,5.0,4,5.0,4.0,5.0
401,1501,108.0,Gołąbek,4,1.0,1,2.0,1.0,1.0
402,1508,103.0,Gąska,4,2.0,5,5.0,3.0,1.0
404,1540,108.0,Gołąbek,4,2.0,1,4.0,1.0,5.0
406,1612,108.0,Gołąbek,4,1.0,3,4.0,1.0,1.0
407,1626,105.0,Koźlarz,4,5.0,5,5.0,3.0,1.0
408,1634,105.0,Koźlarz,4,2.0,5,4.0,1.0,1.0
410,1664,102.0,Czubajka,4,3.0,5,3.0,2.0,1.0
411,1672,106.0,Maślak,4,2.0,4,4.0,3.0,1.0
412,1692,105.0,Koźlarz,4,2.0,5,3.0,3.0,1.0
413,1739,102.0,Czubajka,4,3.0,5,2.0,3.0,5.0
414,1767,106.0,Maślak,4,4.0,5,5.0,2.0,1.0
415,1783,105.0,Koźlarz,4,1.0,4,5.0,3.0,1.0
416,1971,104.0,Podgrzybek,4,1.0,4,4.0,5.0,3.0
417,1978,107.0,Opieńka,4,4.0,1,2.0,1.0,1.0
418,2036,107.0,Opieńka,4,4.0,4,1.0,5.0,1.0
419,2066,108.0,Gołąbek,4,4.0,3,4.0,1.0,1.0
420,2122,101.0,Borowik,4,1.0,5,5.0,2.0,1.0
421,2164,101.0,Borowik,4,3.0,4,1.0,4.0,5.0
422,2192,106.0,Maślak,4,5.0,5,1.0,3.0,1.0
423,2250,105.0,Koźlarz,4,1.0,5,3.0,2.0,1.0
424,2309,105.0,Koźlarz,4,5.0,1,5.0,1.0,1.0
425,2355,103.0,Gąska,4,5.0,1,1.0,1.0,1.0
426,2386,105.0,Koźlarz,4,4.0,1,5.0,1.0,5.0
427,2484,110.0,Pieczarka,4,2.0,1,3.0,1.0,1.0
428,2509,109.0,Boczniak,4,3.0,1,3.0,1.0,1.0
429,2549,106.0,Maślak,4,4.0,5,1.0,4.0,3.0
430,2598,105.0,Koźlarz,4,3.0,4,3.0,1.0,1.0
431,2609,101.0,Borowik,4,3.0,3,4.0,1.0,1.0
432,2613,101.0,Borowik,4,4.0,5,1.0,2.0,1.0
433,2695,105.0,Koźlarz,4,3.0,3,4.0,1.0,5.0
434,2775,101.0,Borowik,4,4.0,4,1.0,4.0,1.0
435,2813,107.0,Opieńka,4,5.0,1,4.0,1.0,1.0
436,2817,110.0,Pieczarka,4,3.0,5,1.0,4.0,1.0
437,2880,104.0,Podgrzybek,4,1.0,1,1.0,1.0,1.0
438,1154,105.0,Koźlarz,4,1.0,4,4.0,5.0,1.0
439,1234,105.0,Koźlarz,4,1.0,3,4.0,1.0,1.0
441,1387,103.0,Gąska,4,4.0,5,1.0,4.0,1.0
442,1403,105.0,Koźlarz,4,3.0,5,2.0,3.0,5.0
443,1430,106.0,Maślak,4,3.0,1,4.0,1.0,1.0
446,1583,105.0,Koźlarz,4,2.0,5,4.0,3.0,5.0
447,1634,106.0,Maślak,4,4.0,5,4.0,3.0,1.0
449,1978,105.0,Koźlarz,4,1.0,1,3.0,1.0,1.0
450,2066,110.0,Pieczarka,4,4.0,1,2.0,1.0,1.0
451,2164,102.0,Czubajka,4,5.0,1,3.0,1.0,1.0
452,2192,108.0,Gołąbek,4,3.0,3,3.0,1.0,1.0
453,2250,109.0,Boczniak,4,2.0,5,3.0,3.0,1.0
454,2484,101.0,Borowik,4,4.0,1,5.0,1.0,1.0
455,2598,108.0,Gołąbek,4,4.0,5,3.0,1.0,1.0
456,2817,108.0,Gołąbek,4,2.0,1,2.0,1.0,1.0
457,2880,108.0,Gołąbek,4,2.0,1,1.0,1.0,1.0
458,1154,106.0,Maślak,4,3.0,5,5.0,1.0,1.0
459,1234,103.0,Gąska,4,3.0,5,1.0,5.0,1.0
460,1253,108.0,Gołąbek,4,4.0,3,2.0,1.0,3.0
462,1403,103.0,Gąska,4,3.0,5,5.0,4.0,3.0
464,1654,102.0,Czubajka,4,3.0,5,1.0,4.0,1.0
465,2192,104.0,Podgrzybek,4,3.0,1,3.0,1.0,1.0
466,2598,110.0,Pieczarka,4,1.0,4,2.0,3.0,1.0
467,2880,106.0,Maślak,4,3.0,4,4.0,3.0,1.0
468,1154,107.0,Opieńka,4,3.0,3,4.0,1.0,1.0
470,1514,106.0,Maślak,4,1.0,4,4.0,4.0,1.0
471,1654,105.0,Koźlarz,4,3.0,4,5.0,3.0,1.0
472,1154,103.0,Gąska,4,3.0,4,2.0,2.0,1.0
473,1253,105.0,Koźlarz,4,4.0,5,4.0,5.0,1.0
476,1135,103.0,Gąska,2,3.0,5,3.0,3.0,1.0
477,1150,101.0,Borowik,2,1.0,5,1.0,5.0,1.0
478,1151,101.0,Borowik,2,4.0,5,5.0,5.0,5.0
479,1159,103.0,Gąska,2,1.0,5,5.0,2.0,1.0
480,1177,103.0,Gąska,2,3.0,5,3.0,5.0,1.0
481,1187,103.0,Gąska,2,4.0,5,1.0,1.0,1.0
482,1191,101.0,Borowik,2,2.0,4,5.0,1.0,1.0
483,1218,101.0,Borowik,2,2.0,5,1.0,5.0,1.0
484,1234,102.0,Czubajka,2,5.0,5,5.0,2.0,1.0
485,1301,101.0,Borowik,2,4.0,4,5.0,5.0,5.0
486,1311,102.0,Czubajka,2,1.0,4,5.0,2.0,3.0
487,1336,103.0,Gąska,2,2.0,5,4.0,1.0,1.0
488,1358,102.0,Czubajka,2,5.0,4,5.0,1.0,1.0
489,1360,101.0,Borowik,2,3.0,1,5.0,1.0,1.0
490,1364,101.0,Borowik,2,2.0,5,5.0,4.0,1.0
491,1368,102.0,Czubajka,2,3.0,5,5.0,1.0,3.0
492,1371,101.0,Borowik,2,5.0,5,5.0,4.0,1.0
493,1375,101.0,Borowik,2,1.0,3,1.0,1.0,1.0
494,1404,103.0,Gąska,2,1.0,3,4.0,1.0,1.0
495,1412,101.0,Borowik,2,4.0,5,5.0,2.0,1.0
496,1438,103.0,Gąska,2,3.0,5,5.0,2.0,1.0
497,1439,103.0,Gąska,2,1.0,5,3.0,3.0,1.0
498,1450,101.0,Borowik,2,2.0,4,1.0,1.0,5.0
499,1475,102.0,Czubajka,2,4.0,5,1.0,5.0,1.0
500,1485,103.0,Gąska,2,5.0,4,5.0,1.0,1.0
501,1486,102.0,Czubajka,2,2.0,4,1.0,5.0,1.0
502,1490,102.0,Czubajka,2,5.0,5,5.0,3.0,1.0
503,1491,101.0,Borowik,2,2.0,5,4.0,2.0,1.0
504,1501,102.0,Czubajka,2,2.0,4,1.0,4.0,1.0
505,1504,101.0,Borowik,2,4.0,3,1.0,1.0,1.0
506,1514,101.0,Borowik,2,4.0,4,5.0,4.0,1.0
507,1540,101.0,Borowik,2,1.0,3,5.0,1.0,1.0
508,1562,103.0,Gąska,2,1.0,3,5.0,1.0,1.0
509,1583,103.0,Gąska,2,3.0,5,3.0,5.0,1.0
510,1589,101.0,Borowik,2,2.0,4,4.0,5.0,1.0
511,1593,103.0,Gąska,2,2.0,5,4.0,3.0,1.0
512,1605,102.0,Czubajka,2,4.0,5,5.0,2.0,1.0
513,1612,110.0,Pieczarka,2,1.0,1,5.0,1.0,3.0
514,1697,102.0,Czubajka,2,2.0,1,5.0,1.0,1.0
515,1716,102.0,Czubajka,2,3.0,5,3.0,4.0,1.0
516,1729,103.0,Gąska,2,2.0,5,2.0,2.0,1.0
517,1733,102.0,Czubajka,2,2.0,5,5.0,4.0,1.0
518,1739,101.0,Borowik,2,5.0,5,1.0,2.0,1.0
519,1749,101.0,Borowik,2,3.0,5,1.0,2.0,1.0
520,1767,104.0,Podgrzybek,2,3.0,4,5.0,1.0,3.0
521,1777,101.0,Borowik,2,5.0,5,3.0,1.0,1.0
522,1783,103.0,Gąska,2,3.0,3,2.0,1.0,1.0
523,1799,101.0,Borowik,2,4.0,3,1.0,1.0,1.0
524,1800,101.0,Borowik,2,4.0,4,5.0,1.0,1.0
525,1828,102.0,Czubajka,2,4.0,5,4.0,4.0,1.0
526,1851,101.0,Borowik,2,5.0,5,1.0,1.0,1.0
527,1869,102.0,Czubajka,2,4.0,5,5.0,4.0,1.0
528,1928,105.0,Koźlarz,2,5.0,4,1.0,2.0,1.0
529,1961,106.0,Maślak,2,2.0,3,3.0,1.0,1.0
530,1969,104.0,Podgrzybek,2,2.0,5,5.0,3.0,1.0
531,1971,102.0,Czubajka,2,3.0,1,4.0,1.0,5.0
532,1976,101.0,Borowik,2,1.0,5,3.0,2.0,1.0
533,1978,108.0,Gołąbek,2,3.0,1,5.0,1.0,1.0
534,2008,109.0,Boczniak,2,5.0,4,2.0,2.0,1.0
535,2027,105.0,Koźlarz,2,3.0,4,1.0,1.0,5.0
536,2036,109.0,Boczniak,2,5.0,4,5.0,4.0,1.0
537,2053,107.0,Opieńka,2,3.0,5,5.0,2.0,1.0
538,2066,106.0,Maślak,2,5.0,1,5.0,1.0,1.0
539,2069,101.0,Borowik,2,4.0,3,4.0,1.0,1.0
540,2070,107.0,Opieńka,2,4.0,5,4.0,2.0,1.0
541,2086,109.0,Boczniak,2,4.0,1,1.0,1.0,1.0
542,2107,102.0,Czubajka,2,4.0,3,1.0,1.0,1.0
543,2114,106.0,Maślak,2,1.0,1,3.0,1.0,1.0
544,2120,106.0,Maślak,2,4.0,5,1.0,5.0,1.0
545,2122,104.0,Podgrzybek,2,5.0,1,3.0,1.0,1.0
546,2131,109.0,Boczniak,2,2.0,1,1.0,1.0,1.0
547,2147,101.0,Borowik,2,3.0,4,4.0,3.0,1.0
548,2167,101.0,Borowik,2,4.0,4,2.0,3.0,5.0
549,2170,109.0,Boczniak,2,4.0,5,2.0,5.0,1.0
550,2180,105.0,Koźlarz,2,2.0,1,5.0,1.0,1.0
551,2192,101.0,Borowik,2,3.0,4,3.0,4.0,1.0
552,2201,107.0,Opieńka,2,3.0,3,5.0,1.0,1.0
553,2205,106.0,Maślak,2,4.0,4,2.0,4.0,1.0
554,2210,102.0,Czubajka,2,2.0,3,2.0,1.0,1.0
555,2218,101.0,Borowik,2,4.0,1,5.0,1.0,1.0
556,2227,106.0,Maślak,2,4.0,3,3.0,1.0,1.0
557,2235,110.0,Pieczarka,2,1.0,1,3.0,1.0,1.0
558,2247,109.0,Boczniak,2,3.0,4,4.0,5.0,1.0
559,2250,106.0,Maślak,2,3.0,4,3.0,5.0,1.0
560,2265,108.0,Gołąbek,2,1.0,4,3.0,5.0,1.0
561,2279,108.0,Gołąbek,2,2.0,4,5.0,3.0,1.0
562,2283,107.0,Opieńka,2,2.0,3,4.0,1.0,5.0
563,2285,107.0,Opieńka,2,5.0,1,2.0,1.0,1.0
564,2287,104.0,Podgrzybek,2,2.0,3,1.0,1.0,1.0
565,2296,109.0,Boczniak,2,1.0,1,1.0,1.0,1.0
566,2304,108.0,Gołąbek,2,3.0,4,1.0,4.0,1.0
567,2309,104.0,Podgrzybek,2,5.0,1,3.0,1.0,1.0
568,2313,106.0,Maślak,2,2.0,1,2.0,1.0,1.0
569,2316,107.0,Opieńka,2,3.0,5,2.0,1.0,5.0
570,2324,109.0,Boczniak,2,5.0,1,3.0,1.0,5.0
571,2329,101.0,Borowik,2,5.0,5,1.0,4.0,1.0
572,2355,108.0,Gołąbek,2,1.0,1,2.0,1.0,1.0
573,2356,106.0,Maślak,2,4.0,4,4.0,2.0,1.0
574,2368,107.0,Opieńka,2,5.0,3,4.0,1.0,1.0
575,2373,110.0,Pieczarka,2,5.0,1,4.0,1.0,1.0
576,2375,104.0,Podgrzybek,2,4.0,5,5.0,3.0,1.0
577,2386,109.0,Boczniak,2,4.0,4,2.0,1.0,1.0
578,2391,109.0,Boczniak,2,1.0,1,4.0,1.0,1.0
579,2403,101.0,Borowik,2,2.0,3,1.0,1.0,1.0
580,2407,107.0,Opieńka,2,2.0,4,1.0,1.0,1.0
581,2418,101.0,Borowik,2,5.0,1,4.0,1.0,1.0
582,2430,103.0,Gąska,2,2.0,1,4.0,1.0,1.0
583,2437,108.0,Gołąbek,2,4.0,1,5.0,1.0,1.0
584,2441,103.0,Gąska,2,5.0,3,3.0,1.0,5.0
585,2455,102.0,Czubajka,2,5.0,3,3.0,1.0,1.0
586,2466,101.0,Borowik,2,2.0,1,4.0,1.0,5.0
587,2470,107.0,Opieńka,2,4.0,1,2.0,1.0,1.0
588,2484,104.0,Podgrzybek,2,2.0,1,3.0,1.0,1.0
589,2489,102.0,Czubajka,2,5.0,3,4.0,1.0,1.0
590,2509,110.0,Pieczarka,2,2.0,5,1.0,5.0,1.0
591,2520,102.0,Czubajka,2,1.0,3,1.0,1.0,1.0
592,2523,103.0,Gąska,2,2.0,1,2.0,1.0,1.0
593,2527,108.0,Gołąbek,2,3.0,4,5.0,2.0,1.0
594,2545,102.0,Czubajka,2,5.0,1,2.0,1.0,1.0
595,2549,101.0,Borowik,2,5.0,1,2.0,1.0,1.0
596,2563,105.0,Koźlarz,2,2.0,1,5.0,1.0,1.0
597,2567,101.0,Borowik,2,3.0,4,2.0,4.0,1.0
598,2579,108.0,Gołąbek,2,5.0,1,5.0,1.0,1.0
599,2583,109.0,Boczniak,2,4.0,1,5.0,1.0,1.0
600,2590,110.0,Pieczarka,2,5.0,1,4.0,1.0,1.0
601,2594,106.0,Maślak,2,4.0,5,3.0,2.0,1.0
602,2598,104.0,Podgrzybek,2,1.0,1,1.0,1.0,5.0
603,2609,106.0,Maślak,2,3.0,1,2.0,1.0,1.0
604,2613,102.0,Czubajka,2,5.0,4,2.0,1.0,1.0
605,2615,109.0,Boczniak,2,4.0,4,2.0,3.0,1.0
606,2619,104.0,Podgrzybek,2,5.0,1,4.0,1.0,1.0
607,2620,109.0,Boczniak,2,1.0,5,3.0,3.0,1.0
608,2623,101.0,Borowik,2,5.0,3,999.0,1.0,3.0
609,2625,105.0,Koźlarz,2,5.0,3,1.0,1.0,1.0
610,2631,106.0,Maślak,2,2.0,3,3.0,1.0,5.0
611,2634,109.0,Boczniak,2,2.0,5,2.0,3.0,1.0
612,2642,107.0,Opieńka,2,1.0,5,3.0,2.0,1.0
613,2643,108.0,Gołąbek,2,5.0,4,1.0,4.0,1.0
614,2645,107.0,Opieńka,2,2.0,3,4.0,1.0,1.0
615,2651,110.0,Pieczarka,2,1.0,3,4.0,1.0,1.0
616,2664,102.0,Czubajka,2,3.0,3,3.0,1.0,1.0
618,2674,102.0,Czubajka,2,1.0,3,5.0,1.0,1.0
619,2688,103.0,Gąska,2,5.0,3,1.0,1.0,1.0
620,2691,106.0,Maślak,2,1.0,5,5.0,2.0,1.0
621,2695,109.0,Boczniak,2,3.0,5,1.0,2.0,1.0
622,2703,104.0,Podgrzybek,2,4.0,3,3.0,1.0,1.0
623,2707,101.0,Borowik,2,1.0,4,3.0,5.0,1.0
624,2727,104.0,Podgrzybek,2,4.0,4,4.0,4.0,1.0
625,2731,106.0,Maślak,2,3.0,3,3.0,1.0,1.0
626,2742,106.0,Maślak,2,4.0,1,5.0,1.0,1.0
627,2744,105.0,Koźlarz,2,1.0,4,2.0,5.0,1.0
628,2748,105.0,Koźlarz,2,3.0,1,2.0,1.0,1.0
629,2754,109.0,Boczniak,2,1.0,4,2.0,5.0,5.0
630,2757,109.0,Boczniak,2,3.0,1,4.0,1.0,1.0
631,2766,110.0,Pieczarka,2,5.0,3,1.0,1.0,1.0
632,2775,110.0,Pieczarka,2,3.0,3,5.0,1.0,1.0
633,2780,103.0,Gąska,2,5.0,4,3.0,3.0,1.0
634,2786,102.0,Czubajka,2,2.0,1,3.0,1.0,1.0
635,2798,102.0,Czubajka,2,4.0,4,4.0,1.0,1.0
636,2801,108.0,Gołąbek,2,1.0,1,4.0,1.0,1.0
637,2809,102.0,Czubajka,2,1.0,1,3.0,1.0,1.0
638,2813,109.0,Boczniak,2,3.0,1,5.0,1.0,1.0
639,2817,101.0,Borowik,2,5.0,1,5.0,1.0,1.0
640,2822,107.0,Opieńka,2,3.0,3,4.0,1.0,5.0
641,2837,102.0,Czubajka,2,5.0,4,3.0,5.0,1.0
642,2862,109.0,Boczniak,2,3.0,1,3.0,1.0,1.0
643,2865,102.0,Czubajka,2,3.0,4,3.0,2.0,5.0
644,2880,102.0,Czubajka,2,3.0,1,5.0,1.0,1.0
645,2886,106.0,Maślak,2,3.0,5,4.0,2.0,5.0
646,1135,110.0,Pieczarka,2,5.0,3,1.0,1.0,1.0
647,1150,102.0,Czubajka,2,3.0,4,4.0,3.0,1.0
648,1151,102.0,Czubajka,2,1.0,5,999.0,5.0,1.0
649,1159,110.0,Pieczarka,2,4.0,1,5.0,1.0,1.0
650,1177,104.0,Podgrzybek,2,3.0,4,5.0,3.0,1.0
651,1187,106.0,Maślak,2,4.0,5,2.0,4.0,1.0
652,1191,102.0,Czubajka,2,1.0,5,2.0,4.0,1.0
653,1218,102.0,Czubajka,2,3.0,5,3.0,2.0,1.0
654,1280,103.0,Gąska,2,4.0,5,5.0,4.0,1.0
655,1301,102.0,Czubajka,2,4.0,1,5.0,1.0,1.0
656,1311,103.0,Gąska,2,1.0,5,4.0,1.0,1.0
657,1319,104.0,Podgrzybek,2,2.0,3,5.0,1.0,1.0
658,1336,104.0,Podgrzybek,2,5.0,4,4.0,2.0,1.0
659,1344,102.0,Czubajka,2,2.0,4,5.0,2.0,5.0
660,1357,106.0,Maślak,2,3.0,5,2.0,3.0,1.0
661,1358,103.0,Gąska,2,2.0,3,4.0,1.0,5.0
662,1360,105.0,Koźlarz,2,2.0,1,5.0,1.0,1.0
663,1364,102.0,Czubajka,2,5.0,5,2.0,5.0,1.0
664,1368,103.0,Gąska,2,2.0,5,5.0,1.0,1.0
665,1371,102.0,Czubajka,2,1.0,4,5.0,2.0,1.0
666,1375,103.0,Gąska,2,5.0,5,5.0,4.0,1.0
667,1393,107.0,Opieńka,2,4.0,5,1.0,2.0,1.0
668,1404,104.0,Podgrzybek,2,4.0,5,2.0,1.0,1.0
669,1412,102.0,Czubajka,2,5.0,4,1.0,2.0,1.0
670,1438,104.0,Podgrzybek,2,3.0,5,3.0,2.0,1.0
671,1439,105.0,Koźlarz,2,2.0,1,3.0,1.0,1.0
672,1450,102.0,Czubajka,2,3.0,5,5.0,3.0,1.0
673,1462,103.0,Gąska,2,1.0,5,5.0,2.0,1.0
674,1475,104.0,Podgrzybek,2,2.0,3,3.0,1.0,1.0
675,1485,104.0,Podgrzybek,2,5.0,1,5.0,1.0,1.0
676,1486,103.0,Gąska,2,4.0,1,4.0,1.0,1.0
677,1490,104.0,Podgrzybek,2,2.0,1,4.0,1.0,1.0
678,1491,102.0,Czubajka,2,3.0,5,4.0,4.0,1.0
679,1501,103.0,Gąska,2,4.0,5,3.0,5.0,1.0
680,1504,102.0,Czubajka,2,5.0,3,5.0,1.0,3.0
681,1508,102.0,Czubajka,2,3.0,4,5.0,3.0,1.0
682,1540,102.0,Czubajka,2,4.0,5,4.0,3.0,1.0
683,1562,104.0,Podgrzybek,2,3.0,4,5.0,2.0,1.0
684,1583,104.0,Podgrzybek,2,5.0,1,4.0,1.0,1.0
685,1589,102.0,Czubajka,2,2.0,5,5.0,2.0,1.0
686,1593,104.0,Podgrzybek,2,5.0,5,2.0,1.0,1.0
687,1599,102.0,Czubajka,2,3.0,4,4.0,1.0,3.0
688,1605,103.0,Gąska,2,2.0,4,5.0,3.0,3.0
689,1626,103.0,Gąska,2,5.0,5,1.0,4.0,3.0
690,1697,103.0,Gąska,2,2.0,4,3.0,3.0,1.0
691,1716,105.0,Koźlarz,2,5.0,4,5.0,3.0,3.0
692,1729,104.0,Podgrzybek,2,2.0,1,5.0,1.0,1.0
693,1733,103.0,Gąska,2,3.0,5,3.0,2.0,1.0
694,1739,103.0,Gąska,2,1.0,3,999.0,1.0,1.0
695,1749,102.0,Czubajka,2,2.0,5,2.0,5.0,1.0
696,1767,105.0,Koźlarz,2,4.0,5,3.0,4.0,5.0
697,1777,103.0,Gąska,2,2.0,3,3.0,1.0,1.0
698,1783,104.0,Podgrzybek,2,4.0,4,3.0,2.0,1.0
699,1799,102.0,Czubajka,2,3.0,3,2.0,1.0,3.0
700,1800,105.0,Koźlarz,2,1.0,5,2.0,3.0,1.0
701,1828,103.0,Gąska,2,4.0,5,4.0,3.0,5.0
702,1851,102.0,Czubajka,2,4.0,4,5.0,1.0,1.0
703,1869,103.0,Gąska,2,5.0,5,5.0,3.0,1.0
704,1928,109.0,Boczniak,2,5.0,1,1.0,1.0,1.0
705,1961,109.0,Boczniak,2,5.0,1,1.0,1.0,1.0
706,1969,110.0,Pieczarka,2,1.0,1,2.0,1.0,1.0
707,1971,101.0,Borowik,2,5.0,4,1.0,2.0,1.0
708,1976,108.0,Gołąbek,2,5.0,1,4.0,1.0,1.0
709,1978,106.0,Maślak,2,4.0,1,1.0,1.0,1.0
710,2008,103.0,Gąska,2,2.0,1,2.0,1.0,5.0
711,2027,104.0,Podgrzybek,2,4.0,1,4.0,1.0,3.0
712,2036,106.0,Maślak,2,3.0,4,4.0,4.0,1.0
713,2053,104.0,Podgrzybek,2,5.0,1,1.0,1.0,5.0
714,2066,104.0,Podgrzybek,2,3.0,4,5.0,4.0,1.0
715,2069,105.0,Koźlarz,2,1.0,1,3.0,1.0,1.0
716,2070,110.0,Pieczarka,2,1.0,3,4.0,1.0,5.0
717,2086,105.0,Koźlarz,2,3.0,5,5.0,5.0,5.0
718,2107,103.0,Gąska,2,4.0,1,4.0,1.0,5.0
719,2114,110.0,Pieczarka,2,2.0,1,2.0,1.0,5.0
720,2120,102.0,Czubajka,2,5.0,1,5.0,1.0,1.0
721,2122,102.0,Czubajka,2,5.0,3,5.0,1.0,5.0
722,2131,102.0,Czubajka,2,5.0,3,3.0,1.0,1.0
723,2147,102.0,Czubajka,2,3.0,1,3.0,1.0,1.0
724,2167,102.0,Czubajka,2,5.0,5,2.0,2.0,1.0
725,2170,106.0,Maślak,2,3.0,1,5.0,1.0,5.0
726,2180,107.0,Opieńka,2,5.0,1,1.0,1.0,1.0
727,2192,105.0,Koźlarz,2,2.0,3,1.0,1.0,1.0
728,2201,110.0,Pieczarka,2,1.0,3,5.0,1.0,1.0
729,2205,110.0,Pieczarka,2,4.0,4,1.0,4.0,1.0
730,2210,104.0,Podgrzybek,2,4.0,5,1.0,1.0,3.0
731,2218,107.0,Opieńka,2,2.0,4,3.0,5.0,1.0
732,2227,105.0,Koźlarz,2,4.0,4,3.0,2.0,1.0
733,2235,104.0,Podgrzybek,2,2.0,1,1.0,1.0,1.0
734,2247,104.0,Podgrzybek,2,4.0,3,5.0,1.0,1.0
735,2250,110.0,Pieczarka,2,5.0,1,2.0,1.0,5.0
736,2265,105.0,Koźlarz,2,4.0,1,4.0,1.0,1.0
737,2279,102.0,Czubajka,2,4.0,3,1.0,1.0,1.0
738,2283,103.0,Gąska,2,5.0,5,4.0,2.0,1.0
739,2285,101.0,Borowik,2,2.0,4,2.0,1.0,1.0
740,2287,102.0,Czubajka,2,5.0,4,5.0,2.0,1.0
741,2304,104.0,Podgrzybek,2,2.0,1,5.0,1.0,1.0
742,2309,102.0,Czubajka,2,3.0,1,5.0,1.0,1.0
743,2316,101.0,Borowik,2,4.0,4,3.0,2.0,1.0
744,2324,103.0,Gąska,2,4.0,4,5.0,4.0,1.0
745,2329,104.0,Podgrzybek,2,4.0,3,2.0,1.0,1.0
746,2356,109.0,Boczniak,2,2.0,4,3.0,1.0,1.0
747,2368,110.0,Pieczarka,2,5.0,3,2.0,1.0,1.0
748,2375,102.0,Czubajka,2,3.0,3,2.0,1.0,1.0
749,2391,104.0,Podgrzybek,2,2.0,1,3.0,1.0,1.0
750,2403,103.0,Gąska,2,3.0,3,1.0,1.0,1.0
751,2407,101.0,Borowik,2,1.0,3,5.0,1.0,1.0
752,2418,108.0,Gołąbek,2,2.0,3,2.0,1.0,1.0
753,2430,110.0,Pieczarka,2,4.0,1,5.0,1.0,1.0
754,2437,101.0,Borowik,2,2.0,5,5.0,5.0,1.0
755,2441,106.0,Maślak,2,2.0,4,4.0,3.0,1.0
756,2466,104.0,Podgrzybek,2,3.0,4,5.0,5.0,1.0
757,2470,104.0,Podgrzybek,2,2.0,5,5.0,4.0,1.0
758,2489,106.0,Maślak,2,5.0,1,5.0,1.0,1.0
759,2509,106.0,Maślak,2,5.0,4,3.0,5.0,1.0
760,2520,108.0,Gołąbek,2,1.0,4,3.0,2.0,1.0
761,2523,101.0,Borowik,2,2.0,3,4.0,1.0,1.0
762,2527,105.0,Koźlarz,2,3.0,1,1.0,1.0,1.0
763,2545,104.0,Podgrzybek,2,5.0,1,2.0,1.0,1.0
764,2549,107.0,Opieńka,2,3.0,1,3.0,1.0,1.0
765,2563,106.0,Maślak,2,1.0,1,4.0,1.0,1.0
766,2567,108.0,Gołąbek,2,2.0,5,5.0,2.0,3.0
767,2579,103.0,Gąska,2,4.0,3,2.0,1.0,1.0
768,2583,107.0,Opieńka,2,5.0,4,5.0,1.0,5.0
769,2590,101.0,Borowik,2,3.0,4,1.0,4.0,1.0
770,2609,109.0,Boczniak,2,4.0,5,4.0,5.0,1.0
771,2613,110.0,Pieczarka,2,1.0,5,4.0,2.0,1.0
772,2615,110.0,Pieczarka,2,1.0,1,2.0,1.0,5.0
773,2619,105.0,Koźlarz,2,2.0,5,4.0,4.0,1.0
774,2620,105.0,Koźlarz,2,1.0,1,2.0,1.0,1.0
775,2623,107.0,Opieńka,2,3.0,3,3.0,1.0,1.0
776,2625,109.0,Boczniak,2,4.0,3,1.0,1.0,1.0
777,2631,104.0,Podgrzybek,2,1.0,3,2.0,1.0,1.0
778,2634,102.0,Czubajka,2,4.0,5,1.0,5.0,1.0
779,2645,105.0,Koźlarz,2,3.0,1,4.0,1.0,1.0
780,2651,108.0,Gołąbek,2,1.0,4,4.0,4.0,5.0
781,2664,103.0,Gąska,2,2.0,5,3.0,5.0,1.0
782,2674,104.0,Podgrzybek,2,2.0,1,5.0,1.0,1.0
783,2688,105.0,Koźlarz,2,2.0,4,4.0,1.0,1.0
784,2691,103.0,Gąska,2,1.0,5,1.0,3.0,1.0
785,2695,102.0,Czubajka,2,1.0,4,5.0,4.0,1.0
786,2703,103.0,Gąska,2,4.0,4,5.0,1.0,1.0
787,2707,102.0,Czubajka,2,2.0,4,5.0,2.0,1.0
788,2731,102.0,Czubajka,2,2.0,1,5.0,1.0,1.0
789,2742,108.0,Gołąbek,2,4.0,1,4.0,1.0,1.0
790,2744,106.0,Maślak,2,3.0,5,1.0,5.0,1.0
791,2748,102.0,Czubajka,2,3.0,5,4.0,4.0,1.0
792,2754,106.0,Maślak,2,5.0,1,5.0,1.0,1.0
793,2757,102.0,Czubajka,2,1.0,1,5.0,1.0,1.0
794,2766,109.0,Boczniak,2,4.0,5,1.0,2.0,1.0
795,2775,106.0,Maślak,2,5.0,3,1.0,1.0,1.0
796,2780,109.0,Boczniak,2,3.0,1,2.0,1.0,1.0
797,2786,107.0,Opieńka,2,5.0,3,4.0,1.0,1.0
798,2798,103.0,Gąska,2,1.0,1,5.0,1.0,1.0
799,2801,104.0,Podgrzybek,2,3.0,4,1.0,4.0,1.0
800,2809,108.0,Gołąbek,2,3.0,4,5.0,2.0,1.0
801,2817,104.0,Podgrzybek,2,2.0,3,3.0,1.0,1.0
802,2822,101.0,Borowik,2,2.0,4,2.0,5.0,1.0
803,2862,108.0,Gołąbek,2,1.0,3,4.0,1.0,1.0
804,2865,108.0,Gołąbek,2,4.0,5,1.0,3.0,1.0
805,2880,105.0,Koźlarz,2,4.0,1,1.0,1.0,1.0
806,2886,102.0,Czubajka,2,3.0,1,5.0,1.0,1.0
807,1150,103.0,Gąska,2,2.0,5,3.0,4.0,1.0
808,1151,103.0,Gąska,2,4.0,5,5.0,5.0,1.0
809,1167,103.0,Gąska,2,4.0,3,3.0,1.0,1.0
810,1187,107.0,Opieńka,2,2.0,3,1.0,1.0,1.0
811,1191,103.0,Gąska,2,3.0,5,1.0,4.0,1.0
812,1218,103.0,Gąska,2,1.0,5,5.0,2.0,3.0
813,1234,104.0,Podgrzybek,2,4.0,4,4.0,1.0,5.0
814,1253,103.0,Gąska,2,4.0,5,5.0,4.0,1.0
815,1280,105.0,Koźlarz,2,3.0,3,2.0,1.0,1.0
816,1301,103.0,Gąska,2,5.0,5,5.0,5.0,1.0
817,1311,105.0,Koźlarz,2,5.0,5,2.0,4.0,5.0
818,1319,106.0,Maślak,2,3.0,5,4.0,4.0,1.0
819,1336,107.0,Opieńka,2,999.0,3,1.0,1.0,1.0
820,1344,103.0,Gąska,2,1.0,5,1.0,2.0,1.0
821,1358,104.0,Podgrzybek,2,5.0,1,4.0,1.0,1.0
822,1360,108.0,Gołąbek,2,4.0,1,4.0,1.0,1.0
823,1368,104.0,Podgrzybek,2,3.0,5,4.0,3.0,1.0
824,1371,103.0,Gąska,2,3.0,5,5.0,2.0,1.0
825,1375,106.0,Maślak,2,4.0,1,4.0,1.0,5.0
826,1403,106.0,Maślak,2,4.0,4,3.0,3.0,1.0
827,1404,105.0,Koźlarz,2,4.0,4,3.0,1.0,1.0
828,1412,103.0,Gąska,2,1.0,3,5.0,1.0,5.0
829,1419,103.0,Gąska,2,5.0,4,1.0,1.0,1.0
830,1430,104.0,Podgrzybek,2,1.0,3,1.0,1.0,1.0
831,1438,107.0,Opieńka,2,3.0,4,1.0,1.0,1.0
832,1439,106.0,Maślak,2,1.0,3,4.0,1.0,1.0
833,1450,103.0,Gąska,2,4.0,4,5.0,4.0,1.0
834,1462,104.0,Podgrzybek,2,2.0,1,1.0,1.0,1.0
835,1485,106.0,Maślak,2,5.0,5,4.0,1.0,3.0
836,1486,105.0,Koźlarz,2,2.0,4,4.0,2.0,1.0
837,1490,106.0,Maślak,2,4.0,3,4.0,1.0,5.0
838,1491,103.0,Gąska,2,3.0,4,5.0,4.0,3.0
839,1504,103.0,Gąska,2,2.0,4,4.0,4.0,1.0
840,1514,103.0,Gąska,2,4.0,5,4.0,2.0,1.0
841,1562,105.0,Koźlarz,2,4.0,3,3.0,1.0,1.0
842,1589,103.0,Gąska,2,2.0,4,5.0,5.0,1.0
843,1593,105.0,Koźlarz,2,2.0,3,4.0,1.0,1.0
844,1599,103.0,Gąska,2,3.0,5,4.0,3.0,1.0
845,1605,104.0,Podgrzybek,2,2.0,1,3.0,1.0,1.0
846,1626,104.0,Podgrzybek,2,2.0,5,4.0,4.0,1.0
847,1654,103.0,Gąska,2,3.0,3,5.0,1.0,1.0
848,1674,103.0,Gąska,2,3.0,5,5.0,1.0,3.0
849,1692,103.0,Gąska,2,1.0,5,2.0,2.0,1.0
850,1697,104.0,Podgrzybek,2,2.0,4,5.0,1.0,1.0
851,1716,106.0,Maślak,2,3.0,5,2.0,1.0,1.0
852,1729,105.0,Koźlarz,2,4.0,5,1.0,5.0,5.0
853,1733,104.0,Podgrzybek,2,2.0,5,5.0,2.0,1.0
854,1739,104.0,Podgrzybek,2,1.0,5,5.0,2.0,1.0
855,1749,103.0,Gąska,2,1.0,3,5.0,1.0,1.0
856,1767,109.0,Boczniak,2,4.0,1,3.0,1.0,1.0
857,1777,104.0,Podgrzybek,2,4.0,4,5.0,3.0,1.0
858,1783,106.0,Maślak,2,2.0,4,3.0,2.0,3.0
859,1799,104.0,Podgrzybek,2,3.0,3,1.0,1.0,1.0
860,1800,108.0,Gołąbek,2,3.0,3,2.0,1.0,5.0
861,1828,104.0,Podgrzybek,2,2.0,1,4.0,1.0,1.0
862,1851,103.0,Gąska,2,3.0,5,1.0,2.0,1.0
863,1869,104.0,Podgrzybek,2,2.0,5,4.0,4.0,3.0
864,1928,110.0,Pieczarka,2,3.0,1,2.0,1.0,1.0
865,1961,108.0,Gołąbek,2,1.0,1,4.0,1.0,1.0
866,1969,107.0,Opieńka,2,3.0,4,1.0,2.0,1.0
867,1971,110.0,Pieczarka,2,3.0,3,5.0,1.0,1.0
868,1976,106.0,Maślak,2,5.0,5,1.0,1.0,3.0
869,1978,109.0,Boczniak,2,2.0,3,2.0,1.0,1.0
870,2036,105.0,Koźlarz,2,3.0,3,4.0,1.0,5.0
871,2053,105.0,Koźlarz,2,3.0,5,2.0,1.0,1.0
872,2066,102.0,Czubajka,2,2.0,5,4.0,3.0,1.0
873,2070,108.0,Gołąbek,2,5.0,4,3.0,5.0,1.0
874,2107,104.0,Podgrzybek,2,2.0,1,1.0,1.0,1.0
875,2114,105.0,Koźlarz,2,2.0,3,1.0,1.0,1.0
876,2120,101.0,Borowik,2,1.0,3,4.0,1.0,1.0
877,2122,107.0,Opieńka,2,5.0,1,5.0,1.0,1.0
878,2131,108.0,Gołąbek,2,1.0,3,3.0,1.0,1.0
879,2167,105.0,Koźlarz,2,2.0,3,3.0,1.0,1.0
880,2170,103.0,Gąska,2,1.0,3,5.0,1.0,1.0
881,2180,101.0,Borowik,2,4.0,4,3.0,1.0,1.0
882,2201,106.0,Maślak,2,1.0,5,4.0,2.0,1.0
883,2205,102.0,Czubajka,2,3.0,4,1.0,2.0,1.0
884,2210,103.0,Gąska,2,3.0,4,3.0,1.0,1.0
885,2218,103.0,Gąska,2,1.0,3,1.0,1.0,1.0
886,2227,108.0,Gołąbek,2,1.0,1,4.0,1.0,1.0
887,2235,107.0,Opieńka,2,3.0,3,2.0,1.0,1.0
888,2250,107.0,Opieńka,2,3.0,1,5.0,1.0,1.0
889,2279,110.0,Pieczarka,2,2.0,3,4.0,1.0,5.0
890,2283,109.0,Boczniak,2,3.0,3,5.0,1.0,1.0
891,2287,101.0,Borowik,2,2.0,1,5.0,1.0,1.0
892,2304,106.0,Maślak,2,1.0,5,2.0,5.0,3.0
893,2309,106.0,Maślak,2,4.0,1,2.0,1.0,1.0
894,2316,108.0,Gołąbek,2,1.0,5,1.0,3.0,1.0
895,2329,107.0,Opieńka,2,3.0,1,3.0,1.0,1.0
896,2375,101.0,Borowik,2,3.0,4,2.0,4.0,1.0
897,2391,107.0,Opieńka,2,5.0,4,3.0,3.0,1.0
898,2403,107.0,Opieńka,2,4.0,1,3.0,1.0,1.0
899,2441,109.0,Boczniak,2,5.0,4,2.0,5.0,1.0
900,2466,108.0,Gołąbek,2,3.0,1,5.0,1.0,1.0
901,2470,108.0,Gołąbek,2,5.0,3,1.0,1.0,3.0
902,2489,108.0,Gołąbek,2,2.0,1,3.0,1.0,1.0
903,2509,108.0,Gołąbek,2,2.0,3,5.0,1.0,1.0
904,2527,109.0,Boczniak,2,1.0,3,3.0,1.0,1.0
905,2545,110.0,Pieczarka,2,4.0,3,2.0,1.0,1.0
906,2549,110.0,Pieczarka,2,4.0,1,2.0,1.0,1.0
907,2567,105.0,Koźlarz,2,3.0,5,5.0,1.0,1.0
908,2579,107.0,Opieńka,2,2.0,1,4.0,1.0,5.0
909,2583,106.0,Maślak,2,5.0,4,5.0,2.0,1.0
910,2590,102.0,Czubajka,2,5.0,1,1.0,1.0,1.0
911,2609,104.0,Podgrzybek,2,4.0,3,1.0,1.0,1.0
912,2615,102.0,Czubajka,2,4.0,3,5.0,1.0,1.0
913,2620,102.0,Czubajka,2,3.0,4,2.0,1.0,1.0
914,2623,106.0,Maślak,2,1.0,4,1.0,2.0,1.0
915,2625,107.0,Opieńka,2,2.0,4,3.0,4.0,1.0
916,2631,105.0,Koźlarz,2,2.0,3,4.0,1.0,1.0
917,2634,105.0,Koźlarz,2,3.0,5,2.0,4.0,1.0
918,2645,106.0,Maślak,2,4.0,1,5.0,1.0,1.0
919,2651,105.0,Koźlarz,2,3.0,5,2.0,2.0,1.0
920,2691,104.0,Podgrzybek,2,1.0,5,3.0,4.0,1.0
921,2695,110.0,Pieczarka,2,1.0,1,4.0,1.0,3.0
922,2703,109.0,Boczniak,2,2.0,5,4.0,3.0,1.0
923,2707,103.0,Gąska,2,3.0,4,5.0,4.0,3.0
924,2742,101.0,Borowik,2,2.0,1,5.0,1.0,1.0
925,2744,102.0,Czubajka,2,1.0,5,2.0,5.0,1.0
926,2748,109.0,Boczniak,2,4.0,4,3.0,3.0,1.0
927,2754,101.0,Borowik,2,3.0,1,1.0,1.0,1.0
928,2757,105.0,Koźlarz,2,3.0,4,2.0,2.0,1.0
929,2766,101.0,Borowik,2,4.0,1,2.0,1.0,1.0
930,2780,105.0,Koźlarz,2,3.0,1,1.0,1.0,1.0
931,2786,105.0,Koźlarz,2,4.0,4,3.0,4.0,1.0
932,2801,102.0,Czubajka,2,3.0,5,2.0,5.0,1.0
933,2809,110.0,Pieczarka,2,1.0,4,5.0,5.0,1.0
934,2817,106.0,Maślak,2,4.0,3,3.0,1.0,1.0
935,2822,108.0,Gołąbek,2,4.0,5,3.0,4.0,1.0
936,2862,107.0,Opieńka,2,1.0,3,5.0,1.0,1.0
937,2865,109.0,Boczniak,2,1.0,5,1.0,2.0,3.0
938,2880,103.0,Gąska,2,5.0,4,1.0,3.0,1.0
939,1150,104.0,Podgrzybek,2,2.0,5,4.0,2.0,1.0
940,1151,104.0,Podgrzybek,2,4.0,3,4.0,1.0,3.0
941,1167,104.0,Podgrzybek,2,3.0,4,1.0,3.0,1.0
942,1177,106.0,Maślak,2,4.0,5,2.0,3.0,1.0
943,1191,104.0,Podgrzybek,2,3.0,5,5.0,3.0,1.0
944,1218,104.0,Podgrzybek,2,2.0,4,4.0,1.0,1.0
945,1253,106.0,Maślak,2,4.0,3,3.0,1.0,1.0
946,1301,104.0,Podgrzybek,2,2.0,5,5.0,5.0,1.0
947,1311,106.0,Maślak,2,2.0,5,3.0,1.0,1.0
948,1319,107.0,Opieńka,2,4.0,4,1.0,1.0,1.0
949,1336,109.0,Boczniak,2,4.0,1,1.0,1.0,1.0
950,1358,105.0,Koźlarz,2,4.0,4,1.0,4.0,1.0
951,1368,107.0,Opieńka,2,2.0,4,4.0,1.0,5.0
952,1371,104.0,Podgrzybek,2,3.0,1,5.0,1.0,5.0
953,1375,108.0,Gołąbek,2,3.0,4,4.0,2.0,1.0
954,1387,107.0,Opieńka,2,2.0,1,4.0,1.0,1.0
955,1403,107.0,Opieńka,2,2.0,1,1.0,1.0,1.0
956,1404,106.0,Maślak,2,3.0,5,3.0,2.0,1.0
957,1412,105.0,Koźlarz,2,1.0,5,2.0,2.0,1.0
958,1419,104.0,Podgrzybek,2,4.0,1,5.0,1.0,5.0
959,1438,108.0,Gołąbek,2,4.0,5,4.0,3.0,1.0
960,1450,104.0,Podgrzybek,2,4.0,3,4.0,1.0,1.0
961,1462,105.0,Koźlarz,2,2.0,4,5.0,1.0,1.0
962,1485,107.0,Opieńka,2,3.0,5,4.0,5.0,5.0
963,1486,106.0,Maślak,2,2.0,5,3.0,3.0,5.0
964,1490,107.0,Opieńka,2,4.0,3,5.0,1.0,1.0
965,1491,104.0,Podgrzybek,2,3.0,5,4.0,5.0,1.0
966,1501,107.0,Opieńka,2,2.0,4,4.0,5.0,1.0
967,1504,104.0,Podgrzybek,2,4.0,1,3.0,1.0,1.0
968,1514,104.0,Podgrzybek,2,5.0,4,5.0,1.0,5.0
969,1540,105.0,Koźlarz,2,2.0,5,2.0,5.0,1.0
970,1562,106.0,Maślak,2,5.0,4,4.0,1.0,1.0
971,1589,104.0,Podgrzybek,2,2.0,5,2.0,4.0,1.0
972,1593,106.0,Maślak,2,3.0,3,3.0,1.0,1.0
973,1599,104.0,Podgrzybek,2,4.0,1,5.0,1.0,5.0
974,1605,105.0,Koźlarz,2,1.0,4,1.0,5.0,1.0
975,1674,104.0,Podgrzybek,2,2.0,5,5.0,4.0,1.0
976,1697,105.0,Koźlarz,2,2.0,4,4.0,5.0,1.0
977,1716,107.0,Opieńka,2,2.0,1,1.0,1.0,5.0
978,1729,106.0,Maślak,2,4.0,4,3.0,1.0,1.0
979,1733,107.0,Opieńka,2,1.0,5,1.0,2.0,1.0
980,1739,106.0,Maślak,2,4.0,4,2.0,4.0,1.0
981,1749,104.0,Podgrzybek,2,2.0,5,4.0,3.0,1.0
982,1767,110.0,Pieczarka,2,1.0,1,1.0,1.0,1.0
983,1777,105.0,Koźlarz,2,3.0,4,5.0,2.0,1.0
984,1783,107.0,Opieńka,2,3.0,4,2.0,5.0,1.0
985,1799,105.0,Koźlarz,2,2.0,3,4.0,1.0,1.0
986,1800,109.0,Boczniak,2,4.0,1,4.0,1.0,1.0
987,1828,106.0,Maślak,2,3.0,5,3.0,5.0,1.0
988,1851,104.0,Podgrzybek,2,3.0,5,5.0,3.0,5.0
989,1869,105.0,Koźlarz,2,2.0,3,4.0,1.0,1.0
990,1961,110.0,Pieczarka,2,3.0,3,5.0,1.0,1.0
991,1969,109.0,Boczniak,2,5.0,3,5.0,1.0,1.0
992,1976,102.0,Czubajka,2,3.0,5,1.0,1.0,5.0
993,1978,101.0,Borowik,2,4.0,5,5.0,1.0,1.0
994,2070,103.0,Gąska,2,5.0,4,5.0,5.0,1.0
995,2107,105.0,Koźlarz,2,1.0,3,5.0,1.0,1.0
996,2114,104.0,Podgrzybek,2,1.0,1,1.0,1.0,3.0
997,2167,103.0,Gąska,2,4.0,5,2.0,1.0,1.0
998,2170,107.0,Opieńka,2,3.0,5,3.0,4.0,1.0
999,2205,103.0,Gąska,2,4.0,4,4.0,1.0,1.0
1000,2210,105.0,Koźlarz,2,1.0,1,4.0,1.0,1.0
1001,2218,102.0,Czubajka,2,1.0,4,3.0,4.0,1.0
1002,2235,102.0,Czubajka,2,2.0,3,5.0,1.0,1.0
1003,2283,102.0,Czubajka,2,4.0,1,1.0,1.0,1.0
1004,2287,106.0,Maślak,2,3.0,1,5.0,1.0,1.0
1005,2304,107.0,Opieńka,2,3.0,3,5.0,1.0,1.0
1006,2316,109.0,Boczniak,2,3.0,1,4.0,1.0,1.0
1007,2329,103.0,Gąska,2,2.0,3,2.0,1.0,5.0
1008,2375,106.0,Maślak,2,5.0,5,1.0,3.0,1.0
1009,2391,103.0,Gąska,2,5.0,1,4.0,1.0,1.0
1010,2403,102.0,Czubajka,2,5.0,1,2.0,1.0,1.0
1011,2441,108.0,Gołąbek,2,4.0,3,3.0,1.0,1.0
1012,2489,107.0,Opieńka,2,1.0,1,4.0,1.0,1.0
1013,2509,101.0,Borowik,2,2.0,4,5.0,5.0,1.0
1014,2527,104.0,Podgrzybek,2,4.0,4,5.0,1.0,1.0
1015,2567,103.0,Gąska,2,3.0,4,2.0,3.0,1.0
1016,2583,103.0,Gąska,2,4.0,4,3.0,5.0,1.0
1017,2590,107.0,Opieńka,2,1.0,4,3.0,3.0,1.0
1018,2620,110.0,Pieczarka,2,2.0,3,5.0,1.0,1.0
1019,2623,103.0,Gąska,2,2.0,3,2.0,1.0,1.0
1020,2625,108.0,Gołąbek,2,3.0,1,5.0,1.0,1.0
1021,2634,104.0,Podgrzybek,2,4.0,4,5.0,5.0,1.0
1022,2651,106.0,Maślak,2,2.0,5,1.0,5.0,1.0
1023,2744,109.0,Boczniak,2,4.0,4,5.0,2.0,1.0
1024,2748,104.0,Podgrzybek,2,1.0,1,5.0,1.0,1.0
1025,2757,110.0,Pieczarka,2,4.0,1,2.0,1.0,1.0
1026,2780,104.0,Podgrzybek,2,2.0,3,2.0,1.0,5.0
1027,2822,109.0,Boczniak,2,2.0,4,1.0,5.0,1.0
1028,2865,106.0,Maślak,2,3.0,1,3.0,1.0,1.0
1029,2880,107.0,Opieńka,2,4.0,4,5.0,2.0,1.0
1030,1151,106.0,Maślak,2,4.0,4,5.0,3.0,1.0
1031,1167,105.0,Koźlarz,2,3.0,3,4.0,1.0,1.0
1032,1177,107.0,Opieńka,2,3.0,4,4.0,4.0,1.0
1033,1191,105.0,Koźlarz,2,3.0,5,1.0,1.0,1.0
1034,1218,105.0,Koźlarz,2,1.0,1,4.0,1.0,1.0
1035,1234,106.0,Maślak,2,4.0,1,4.0,1.0,3.0
1036,1319,110.0,Pieczarka,2,1.0,1,2.0,1.0,1.0
1037,1344,106.0,Maślak,2,5.0,4,3.0,2.0,1.0
1038,1358,106.0,Maślak,2,3.0,3,3.0,1.0,1.0
1039,1371,105.0,Koźlarz,2,2.0,1,2.0,1.0,3.0
1040,1387,110.0,Pieczarka,2,1.0,1,3.0,1.0,1.0
1041,1404,107.0,Opieńka,2,3.0,5,5.0,3.0,1.0
1042,1430,107.0,Opieńka,2,3.0,1,4.0,1.0,1.0
1043,1438,109.0,Boczniak,2,1.0,3,1.0,1.0,1.0
1044,1450,105.0,Koźlarz,2,1.0,4,1.0,2.0,1.0
1045,1462,106.0,Maślak,2,4.0,4,5.0,5.0,1.0
1046,1486,107.0,Opieńka,2,5.0,1,1.0,1.0,1.0
1047,1504,105.0,Koźlarz,2,3.0,5,3.0,2.0,1.0
1048,1508,105.0,Koźlarz,2,5.0,5,1.0,5.0,1.0
1049,1514,105.0,Koźlarz,2,1.0,5,4.0,4.0,1.0
1050,1562,107.0,Opieńka,2,1.0,1,4.0,1.0,1.0
1051,1583,107.0,Opieńka,2,2.0,4,1.0,1.0,1.0
1052,1589,105.0,Koźlarz,2,2.0,4,4.0,1.0,1.0
1053,1593,107.0,Opieńka,2,5.0,3,4.0,1.0,1.0
1054,1599,106.0,Maślak,2,2.0,4,4.0,1.0,1.0
1055,1605,106.0,Maślak,2,3.0,5,3.0,4.0,1.0
1056,1626,109.0,Boczniak,2,4.0,1,3.0,1.0,1.0
1057,1674,105.0,Koźlarz,2,4.0,5,5.0,3.0,1.0
1058,1692,106.0,Maślak,2,4.0,3,4.0,1.0,1.0
1059,1697,106.0,Maślak,2,4.0,4,2.0,4.0,1.0
1060,1729,107.0,Opieńka,2,4.0,4,1.0,1.0,1.0
1061,1739,107.0,Opieńka,2,3.0,4,1.0,4.0,1.0
1062,1749,105.0,Koźlarz,2,4.0,3,4.0,1.0,1.0
1063,1777,106.0,Maślak,2,2.0,4,4.0,3.0,3.0
1064,1799,106.0,Maślak,2,2.0,3,5.0,1.0,1.0
1065,1828,107.0,Opieńka,2,2.0,3,4.0,1.0,1.0
1066,1851,105.0,Koźlarz,2,1.0,1,3.0,1.0,1.0
1067,1869,106.0,Maślak,2,2.0,5,5.0,5.0,1.0
1068,1961,102.0,Czubajka,2,4.0,5,2.0,4.0,1.0
1069,1969,101.0,Borowik,2,5.0,1,1.0,1.0,1.0
1070,1976,107.0,Opieńka,2,4.0,4,3.0,2.0,1.0
1071,1978,103.0,Gąska,2,3.0,1,4.0,1.0,1.0
1072,2070,102.0,Czubajka,2,2.0,4,4.0,2.0,1.0
1073,2205,105.0,Koźlarz,2,3.0,5,2.0,5.0,5.0
1074,2287,108.0,Gołąbek,2,4.0,3,1.0,1.0,1.0
1075,2316,110.0,Pieczarka,2,5.0,5,1.0,2.0,3.0
1076,2489,110.0,Pieczarka,2,1.0,1,4.0,1.0,5.0
1077,2527,107.0,Opieńka,2,3.0,4,2.0,1.0,1.0
1078,2623,105.0,Koźlarz,2,4.0,4,4.0,2.0,1.0
1079,2634,101.0,Borowik,2,4.0,1,2.0,1.0,1.0
1080,2651,109.0,Boczniak,2,3.0,1,4.0,1.0,1.0
1081,2757,106.0,Maślak,2,1.0,3,2.0,1.0,5.0
1082,2780,106.0,Maślak,2,1.0,1,1.0,1.0,3.0
1083,2822,105.0,Koźlarz,2,1.0,5,1.0,2.0,1.0
1084,2865,101.0,Borowik,2,2.0,3,4.0,1.0,1.0
1085,1150,106.0,Maślak,2,4.0,4,5.0,3.0,1.0
1086,1151,107.0,Opieńka,2,1.0,1,1.0,1.0,1.0
1087,1167,106.0,Maślak,2,2.0,4,4.0,5.0,1.0
1088,1191,106.0,Maślak,2,1.0,4,5.0,5.0,1.0
1089,1218,107.0,Opieńka,2,2.0,4,1.0,5.0,1.0
1090,1234,107.0,Opieńka,2,3.0,1,1.0,1.0,1.0
1091,1301,106.0,Maślak,2,2.0,4,3.0,2.0,1.0
1092,1358,107.0,Opieńka,2,4.0,1,4.0,1.0,1.0
1093,1371,106.0,Maślak,2,1.0,4,3.0,5.0,1.0
1094,1412,110.0,Pieczarka,2,2.0,1,1.0,1.0,1.0
1095,1419,106.0,Maślak,2,2.0,5,2.0,5.0,1.0
1096,1430,110.0,Pieczarka,2,1.0,1,2.0,1.0,3.0
1097,1450,106.0,Maślak,2,2.0,4,4.0,3.0,1.0
1098,1462,107.0,Opieńka,2,3.0,1,4.0,1.0,1.0
1099,1486,109.0,Boczniak,2,2.0,5,4.0,1.0,1.0
1100,1491,106.0,Maślak,2,2.0,5,3.0,2.0,1.0
1101,1504,107.0,Opieńka,2,5.0,5,4.0,5.0,1.0
1102,1508,106.0,Maślak,2,1.0,5,4.0,4.0,3.0
1103,1589,106.0,Maślak,2,5.0,5,3.0,4.0,1.0
1104,1599,107.0,Opieńka,2,3.0,5,4.0,2.0,1.0
1105,1605,107.0,Opieńka,2,4.0,3,2.0,1.0,1.0
1106,1654,106.0,Maślak,2,3.0,4,3.0,2.0,1.0
1107,1674,106.0,Maślak,2,3.0,4,5.0,2.0,1.0
1108,1692,107.0,Opieńka,2,1.0,3,3.0,1.0,3.0
1109,1697,107.0,Opieńka,2,1.0,1,4.0,1.0,1.0
1110,1739,109.0,Boczniak,2,5.0,1,1.0,1.0,1.0
1111,1749,106.0,Maślak,2,2.0,1,2.0,1.0,1.0
1112,1777,107.0,Opieńka,2,3.0,4,4.0,3.0,1.0
1113,1799,108.0,Gołąbek,2,2.0,5,3.0,3.0,1.0
1114,1851,106.0,Maślak,2,4.0,1,3.0,1.0,1.0
1115,1869,107.0,Opieńka,2,2.0,4,1.0,1.0,5.0
1116,1969,102.0,Czubajka,2,2.0,1,4.0,1.0,5.0
1117,2070,105.0,Koźlarz,2,4.0,4,1.0,5.0,1.0
1118,2287,103.0,Gąska,2,3.0,5,3.0,2.0,1.0
1119,2527,106.0,Maślak,2,2.0,1,1.0,1.0,1.0
1120,2757,108.0,Gołąbek,2,1.0,1,4.0,1.0,1.0
1121,1151,108.0,Gołąbek,2,3.0,5,2.0,4.0,1.0
1122,1167,107.0,Opieńka,2,2.0,3,5.0,1.0,1.0
1123,1177,110.0,Pieczarka,2,1.0,1,5.0,1.0,3.0
1124,1191,107.0,Opieńka,2,4.0,3,4.0,1.0,5.0
1125,1301,107.0,Opieńka,2,4.0,4,4.0,3.0,1.0
1126,1358,110.0,Pieczarka,2,3.0,1,5.0,1.0,1.0
1127,1371,107.0,Opieńka,2,4.0,3,4.0,1.0,1.0
1128,1419,107.0,Opieńka,2,4.0,5,4.0,3.0,3.0
1129,1450,107.0,Opieńka,2,3.0,4,4.0,2.0,1.0
1130,1491,107.0,Opieńka,2,1.0,5,1.0,5.0,5.0
1131,1508,107.0,Opieńka,2,4.0,5,4.0,2.0,1.0
1132,1540,109.0,Boczniak,2,1.0,1,4.0,1.0,1.0
1133,1589,107.0,Opieńka,2,5.0,4,4.0,3.0,5.0
1134,1654,107.0,Opieńka,2,4.0,4,2.0,2.0,1.0
1135,1674,107.0,Opieńka,2,2.0,3,3.0,1.0,5.0
1136,1697,108.0,Gołąbek,2,2.0,5,2.0,1.0,1.0
1137,1749,107.0,Opieńka,2,2.0,4,1.0,3.0,1.0
1138,1851,107.0,Opieńka,2,3.0,3,5.0,1.0,3.0
1139,1969,103.0,Gąska,2,3.0,4,3.0,5.0,1.0
1140,2757,104.0,Podgrzybek,2,2.0,1,2.0,1.0,1.0
1141,1151,109.0,Boczniak,2,4.0,1,2.0,1.0,1.0
1142,1191,108.0,Gołąbek,2,2.0,4,2.0,4.0,1.0
1143,1371,108.0,Gołąbek,2,2.0,3,3.0,1.0,1.0
1144,1450,108.0,Gołąbek,2,4.0,1,2.0,1.0,1.0
1145,1589,108.0,Gołąbek,2,4.0,3,5.0,1.0,3.0
1146,1674,108.0,Gołąbek,2,4.0,1,1.0,1.0,1.0
1147,1692,109.0,Boczniak,2,2.0,4,3.0,4.0,1.0
1148,1749,108.0,Gołąbek,2,1.0,1,2.0,1.0,1.0
1149,1851,108.0,Gołąbek,2,2.0,3,2.0,1.0,1.0
1194,1135,101.0,Borowik,1,1.0,4,5.0,3.0,3.0
1195,1159,101.0,Borowik,1,1.0,5,5.0,3.0,5.0
1196,1311,101.0,Borowik,1,1.0,5,5.0,5.0,1.0
1197,1323,101.0,Borowik,1,1.0,5,5.0,4.0,5.0
1198,1336,101.0,Borowik,1,1.0,5,1.0,1.0,1.0
1199,1358,101.0,Borowik,1,1.0,5,1.0,4.0,3.0
1200,1404,101.0,Borowik,1,1.0,3,5.0,1.0,1.0
1201,1438,101.0,Borowik,1,1.0,5,2.0,5.0,1.0
1202,1439,101.0,Borowik,1,1.0,5,2.0,1.0,1.0
1203,1440,101.0,Borowik,1,1.0,4,5.0,5.0,1.0
1204,1475,101.0,Borowik,1,1.0,4,5.0,2.0,1.0
1205,1485,101.0,Borowik,1,1.0,5,5.0,4.0,1.0
1206,1486,101.0,Borowik,1,1.0,5,5.0,2.0,1.0
1207,1501,101.0,Borowik,1,1.0,4,2.0,1.0,5.0
1208,1562,101.0,Borowik,1,1.0,4,1.0,5.0,1.0
1209,1593,101.0,Borowik,1,1.0,5,4.0,3.0,1.0
1210,1605,101.0,Borowik,1,1.0,5,3.0,1.0,5.0
1211,1612,101.0,Borowik,1,1.0,4,5.0,5.0,1.0
1212,1697,101.0,Borowik,1,1.0,5,1.0,5.0,1.0
1213,1716,101.0,Borowik,1,1.0,5,5.0,2.0,1.0
1214,1733,101.0,Borowik,1,1.0,4,5.0,5.0,1.0
1215,1866,101.0,Borowik,1,1.0,5,1.0,5.0,1.0
1216,2008,101.0,Borowik,1,1.0,5,5.0,5.0,1.0
1217,2027,101.0,Borowik,1,1.0,1,3.0,1.0,1.0
1218,2036,101.0,Borowik,1,1.0,4,4.0,1.0,1.0
1219,2066,101.0,Borowik,1,1.0,5,3.0,5.0,1.0
1220,2070,101.0,Borowik,1,1.0,4,2.0,3.0,1.0
1221,2086,101.0,Borowik,1,1.0,1,5.0,1.0,1.0
1222,2114,101.0,Borowik,1,1.0,3,1.0,1.0,1.0
1223,2131,101.0,Borowik,1,1.0,1,3.0,1.0,1.0
1224,2170,101.0,Borowik,1,1.0,1,2.0,1.0,1.0
1225,2201,101.0,Borowik,1,1.0,1,4.0,1.0,1.0
1226,2205,101.0,Borowik,1,1.0,5,5.0,1.0,1.0
1227,2210,101.0,Borowik,1,1.0,1,5.0,1.0,1.0
1228,2227,101.0,Borowik,1,1.0,5,4.0,5.0,1.0
1229,2235,101.0,Borowik,1,1.0,1,4.0,1.0,1.0
1230,2247,101.0,Borowik,1,1.0,3,4.0,1.0,1.0
1231,2250,101.0,Borowik,1,1.0,3,4.0,1.0,1.0
1232,2265,101.0,Borowik,1,1.0,1,2.0,1.0,1.0
1233,2279,101.0,Borowik,1,1.0,1,4.0,1.0,1.0
1234,2283,101.0,Borowik,1,1.0,3,4.0,1.0,1.0
1235,2296,101.0,Borowik,1,1.0,1,2.0,1.0,1.0
1236,2304,101.0,Borowik,1,1.0,3,4.0,1.0,5.0
1237,2313,101.0,Borowik,1,1.0,5,4.0,4.0,1.0
1238,2324,101.0,Borowik,1,1.0,4,5.0,2.0,1.0
1239,2355,101.0,Borowik,1,1.0,4,5.0,5.0,3.0
1240,2356,101.0,Borowik,1,1.0,4,2.0,4.0,1.0
1241,2368,101.0,Borowik,1,1.0,3,5.0,1.0,1.0
1242,2391,101.0,Borowik,1,1.0,4,3.0,3.0,1.0
1243,2441,101.0,Borowik,1,1.0,1,5.0,1.0,1.0
1244,2470,101.0,Borowik,1,1.0,3,3.0,1.0,1.0
1245,2520,101.0,Borowik,1,1.0,5,2.0,5.0,5.0
1246,2545,101.0,Borowik,1,1.0,1,5.0,1.0,1.0
1247,2563,101.0,Borowik,1,1.0,1,3.0,1.0,1.0
1248,2583,101.0,Borowik,1,1.0,4,3.0,5.0,1.0
1249,2594,101.0,Borowik,1,1.0,1,2.0,1.0,1.0
1250,2598,101.0,Borowik,1,1.0,4,2.0,5.0,1.0
1251,2615,101.0,Borowik,1,1.0,5,5.0,4.0,1.0
1252,2619,101.0,Borowik,1,1.0,5,3.0,3.0,1.0
1253,2620,101.0,Borowik,1,1.0,4,1.0,4.0,1.0
1254,2625,101.0,Borowik,1,1.0,4,4.0,3.0,5.0
1255,2631,101.0,Borowik,1,1.0,1,2.0,1.0,1.0
1256,2642,101.0,Borowik,1,1.0,3,1.0,1.0,1.0
1257,2643,101.0,Borowik,1,1.0,4,4.0,2.0,1.0
1258,2645,101.0,Borowik,1,1.0,3,5.0,1.0,5.0
1259,2651,101.0,Borowik,1,1.0,4,3.0,2.0,1.0
1260,2670,101.0,Borowik,1,1.0,5,5.0,1.0,1.0
1261,2688,101.0,Borowik,1,1.0,4,3.0,1.0,1.0
1262,2691,101.0,Borowik,1,1.0,5,4.0,4.0,1.0
1263,2695,101.0,Borowik,1,1.0,1,5.0,1.0,1.0
1264,2727,101.0,Borowik,1,1.0,1,5.0,1.0,1.0
1265,2731,101.0,Borowik,1,1.0,3,4.0,1.0,1.0
1266,2744,101.0,Borowik,1,1.0,5,4.0,1.0,1.0
1267,2748,101.0,Borowik,1,1.0,3,3.0,1.0,5.0
1268,2786,101.0,Borowik,1,1.0,5,5.0,4.0,1.0
1269,2801,101.0,Borowik,1,1.0,5,4.0,1.0,3.0
1270,2809,101.0,Borowik,1,1.0,4,4.0,4.0,1.0
1271,2813,101.0,Borowik,1,1.0,1,2.0,1.0,1.0
1272,2837,101.0,Borowik,1,1.0,1,3.0,1.0,5.0
1273,2862,101.0,Borowik,1,1.0,3,2.0,1.0,1.0
1274,1135,102.0,Czubajka,1,1.0,5,5.0,1.0,1.0
1275,1159,102.0,Czubajka,1,1.0,5,5.0,2.0,1.0
1276,1230,102.0,Czubajka,1,1.0,3,1.0,1.0,1.0
1277,1242,102.0,Czubajka,1,1.0,5,5.0,4.0,1.0
1278,1280,102.0,Czubajka,1,1.0,5,1.0,5.0,1.0
1279,1323,102.0,Czubajka,1,1.0,5,3.0,1.0,3.0
1280,1336,102.0,Czubajka,1,1.0,4,5.0,2.0,3.0
1281,1360,102.0,Czubajka,1,1.0,5,2.0,3.0,1.0
1282,1387,102.0,Czubajka,1,1.0,1,3.0,1.0,1.0
1283,1403,102.0,Czubajka,1,1.0,5,5.0,4.0,1.0
1284,1404,102.0,Czubajka,1,1.0,5,5.0,1.0,3.0
1285,1438,102.0,Czubajka,1,1.0,4,5.0,2.0,1.0
1286,1439,102.0,Czubajka,1,1.0,5,4.0,3.0,1.0
1287,1440,102.0,Czubajka,1,1.0,5,4.0,5.0,1.0
1288,1462,102.0,Czubajka,1,1.0,4,2.0,3.0,1.0
1289,1485,102.0,Czubajka,1,1.0,3,5.0,1.0,1.0
1290,1562,102.0,Czubajka,1,1.0,4,4.0,1.0,5.0
1291,1583,102.0,Czubajka,1,1.0,3,5.0,1.0,1.0
1292,1593,102.0,Czubajka,1,1.0,4,5.0,5.0,1.0
1293,1612,102.0,Czubajka,1,1.0,5,4.0,1.0,1.0
1294,1634,102.0,Czubajka,1,1.0,4,5.0,3.0,1.0
1295,1649,102.0,Czubajka,1,1.0,1,5.0,1.0,1.0
1296,1729,102.0,Czubajka,1,1.0,5,5.0,5.0,1.0
1297,1800,102.0,Czubajka,1,1.0,5,4.0,3.0,1.0
1298,1866,102.0,Czubajka,1,1.0,5,5.0,5.0,1.0
1299,2008,102.0,Czubajka,1,1.0,4,5.0,5.0,1.0
1300,2027,102.0,Czubajka,1,1.0,4,3.0,1.0,1.0
1301,2053,102.0,Czubajka,1,1.0,4,2.0,5.0,1.0
1302,2086,102.0,Czubajka,1,1.0,5,5.0,3.0,1.0
1303,2180,102.0,Czubajka,1,1.0,3,4.0,1.0,1.0
1304,2192,102.0,Czubajka,1,1.0,3,5.0,1.0,1.0
1305,2201,102.0,Czubajka,1,1.0,1,5.0,1.0,1.0
1306,2214,102.0,Czubajka,1,1.0,1,2.0,1.0,1.0
1307,2227,102.0,Czubajka,1,1.0,1,4.0,1.0,5.0
1308,2247,102.0,Czubajka,1,1.0,5,3.0,1.0,1.0
1309,2265,102.0,Czubajka,1,1.0,1,5.0,1.0,1.0
1310,2304,102.0,Czubajka,1,1.0,1,4.0,1.0,1.0
1311,2313,102.0,Czubajka,1,1.0,1,2.0,1.0,1.0
1312,2316,102.0,Czubajka,1,1.0,3,5.0,1.0,1.0
1313,2324,102.0,Czubajka,1,1.0,1,1.0,1.0,1.0
1314,2356,102.0,Czubajka,1,1.0,1,1.0,1.0,1.0
1315,2368,102.0,Czubajka,1,1.0,1,1.0,1.0,1.0
1316,2373,102.0,Czubajka,1,1.0,4,4.0,2.0,1.0
1317,2391,102.0,Czubajka,1,1.0,1,3.0,1.0,1.0
1318,2407,102.0,Czubajka,1,1.0,3,3.0,1.0,1.0
1319,2418,102.0,Czubajka,1,1.0,1,5.0,1.0,1.0
1320,2430,102.0,Czubajka,1,1.0,5,3.0,4.0,1.0
1321,2441,102.0,Czubajka,1,1.0,3,5.0,1.0,1.0
1322,2466,102.0,Czubajka,1,1.0,1,4.0,1.0,1.0
1323,2470,102.0,Czubajka,1,1.0,1,3.0,1.0,1.0
1324,2484,102.0,Czubajka,1,1.0,4,4.0,5.0,1.0
1325,2523,102.0,Czubajka,1,1.0,1,4.0,1.0,1.0
1326,2527,102.0,Czubajka,1,1.0,1,2.0,1.0,1.0
1327,2549,102.0,Czubajka,1,1.0,4,4.0,3.0,1.0
1328,2563,102.0,Czubajka,1,1.0,1,3.0,1.0,1.0
1329,2567,102.0,Czubajka,1,1.0,4,1.0,1.0,1.0
1330,2579,102.0,Czubajka,1,1.0,1,2.0,1.0,1.0
1331,2583,102.0,Czubajka,1,1.0,1,1.0,1.0,1.0
1332,2594,102.0,Czubajka,1,1.0,5,3.0,4.0,5.0
1333,2598,102.0,Czubajka,1,1.0,4,4.0,2.0,1.0
1334,2642,102.0,Czubajka,1,1.0,3,4.0,1.0,1.0
1335,2643,102.0,Czubajka,1,1.0,1,3.0,1.0,1.0
1336,2645,102.0,Czubajka,1,1.0,1,3.0,1.0,1.0
1337,2651,102.0,Czubajka,1,1.0,4,2.0,1.0,1.0
1338,2670,102.0,Czubajka,1,1.0,1,4.0,1.0,1.0
1339,2703,102.0,Czubajka,1,1.0,1,4.0,1.0,3.0
1340,2727,102.0,Czubajka,1,1.0,1,2.0,1.0,1.0
1341,2742,102.0,Czubajka,1,1.0,1,2.0,1.0,1.0
1342,2754,102.0,Czubajka,1,1.0,5,1.0,4.0,1.0
1343,2766,102.0,Czubajka,1,1.0,1,5.0,1.0,3.0
1344,2817,102.0,Czubajka,1,1.0,3,3.0,1.0,5.0
1345,2862,102.0,Czubajka,1,1.0,1,2.0,1.0,1.0
1346,1230,103.0,Gąska,1,1.0,4,2.0,1.0,1.0
1347,1242,103.0,Gąska,1,1.0,5,5.0,1.0,3.0
1348,1319,103.0,Gąska,1,1.0,4,5.0,1.0,1.0
1349,1323,103.0,Gąska,1,1.0,5,1.0,1.0,1.0
1350,1357,103.0,Gąska,1,1.0,3,4.0,1.0,1.0
1351,1360,103.0,Gąska,1,1.0,4,5.0,1.0,1.0
1352,1364,103.0,Gąska,1,1.0,5,5.0,2.0,3.0
1353,1393,103.0,Gąska,1,1.0,1,2.0,1.0,1.0
1354,1440,103.0,Gąska,1,1.0,5,1.0,3.0,1.0
1355,1475,103.0,Gąska,1,1.0,5,4.0,4.0,5.0
1356,1490,103.0,Gąska,1,1.0,5,1.0,3.0,1.0
1357,1540,103.0,Gąska,1,1.0,4,4.0,1.0,1.0
1358,1612,103.0,Gąska,1,1.0,1,1.0,1.0,1.0
1359,1634,103.0,Gąska,1,1.0,5,5.0,3.0,1.0
1360,1649,103.0,Gąska,1,1.0,5,5.0,1.0,1.0
1361,1664,103.0,Gąska,1,1.0,5,4.0,4.0,1.0
1362,1672,103.0,Gąska,1,1.0,5,4.0,3.0,5.0
1363,1716,103.0,Gąska,1,1.0,5,3.0,5.0,1.0
1364,1767,103.0,Gąska,1,1.0,5,4.0,4.0,1.0
1365,1799,103.0,Gąska,1,1.0,5,2.0,1.0,5.0
1366,1800,103.0,Gąska,1,1.0,3,2.0,1.0,1.0
1367,1866,103.0,Gąska,1,1.0,1,5.0,1.0,1.0
1368,1928,103.0,Gąska,1,1.0,5,1.0,5.0,1.0
1369,1961,103.0,Gąska,1,1.0,1,1.0,1.0,1.0
1370,1971,103.0,Gąska,1,1.0,4,5.0,2.0,1.0
1371,1976,103.0,Gąska,1,1.0,5,2.0,3.0,1.0
1372,2036,103.0,Gąska,1,1.0,4,2.0,3.0,1.0
1373,2114,103.0,Gąska,1,1.0,1,5.0,1.0,1.0
1374,2120,103.0,Gąska,1,1.0,3,1.0,1.0,1.0
1375,2122,103.0,Gąska,1,1.0,1,3.0,1.0,1.0
1376,2131,103.0,Gąska,1,1.0,4,4.0,1.0,5.0
1377,2164,103.0,Gąska,1,1.0,1,3.0,1.0,3.0
1378,2201,103.0,Gąska,1,1.0,1,5.0,1.0,1.0
1379,2214,103.0,Gąska,1,1.0,5,2.0,5.0,1.0
1380,2235,103.0,Gąska,1,1.0,3,2.0,1.0,5.0
1381,2247,103.0,Gąska,1,1.0,5,3.0,1.0,1.0
1382,2250,103.0,Gąska,1,1.0,5,5.0,3.0,1.0
1383,2265,103.0,Gąska,1,1.0,4,5.0,1.0,5.0
1384,2279,103.0,Gąska,1,1.0,1,2.0,1.0,1.0
1385,2285,103.0,Gąska,1,1.0,3,3.0,1.0,1.0
1386,2304,103.0,Gąska,1,1.0,3,1.0,1.0,1.0
1387,2309,103.0,Gąska,1,1.0,1,1.0,1.0,1.0
1388,2313,103.0,Gąska,1,1.0,5,5.0,1.0,1.0
1389,2316,103.0,Gąska,1,1.0,4,5.0,2.0,1.0
1390,2356,103.0,Gąska,1,1.0,1,1.0,1.0,5.0
1391,2373,103.0,Gąska,1,1.0,3,1.0,1.0,1.0
1392,2386,103.0,Gąska,1,1.0,3,5.0,1.0,3.0
1393,2407,103.0,Gąska,1,1.0,5,3.0,4.0,1.0
1394,2418,103.0,Gąska,1,1.0,3,4.0,1.0,1.0
1395,2455,103.0,Gąska,1,1.0,4,2.0,3.0,1.0
1396,2466,103.0,Gąska,1,1.0,4,2.0,4.0,1.0
1397,2470,103.0,Gąska,1,1.0,4,1.0,1.0,1.0
1398,2489,103.0,Gąska,1,1.0,3,1.0,1.0,3.0
1399,2509,103.0,Gąska,1,1.0,3,5.0,1.0,1.0
1400,2520,103.0,Gąska,1,1.0,1,3.0,1.0,1.0
1401,2527,103.0,Gąska,1,1.0,1,5.0,1.0,1.0
1402,2545,103.0,Gąska,1,1.0,1,1.0,1.0,5.0
1403,2563,103.0,Gąska,1,1.0,1,5.0,1.0,1.0
1404,2590,103.0,Gąska,1,1.0,4,2.0,1.0,1.0
1405,2594,103.0,Gąska,1,1.0,1,3.0,1.0,1.0
1406,2615,103.0,Gąska,1,1.0,5,2.0,2.0,3.0
1407,2631,103.0,Gąska,1,1.0,4,1.0,2.0,1.0
1408,2634,103.0,Gąska,1,1.0,1,5.0,1.0,5.0
1409,2642,103.0,Gąska,1,1.0,5,4.0,1.0,1.0
1410,2643,103.0,Gąska,1,1.0,4,1.0,3.0,1.0
1411,2651,103.0,Gąska,1,1.0,5,3.0,4.0,3.0
1412,2670,103.0,Gąska,1,1.0,5,1.0,3.0,1.0
1413,2727,103.0,Gąska,1,1.0,3,4.0,1.0,1.0
1414,2731,103.0,Gąska,1,1.0,1,2.0,1.0,1.0
1415,2742,103.0,Gąska,1,1.0,4,4.0,1.0,1.0
1416,2744,103.0,Gąska,1,1.0,5,3.0,5.0,1.0
1417,2748,103.0,Gąska,1,1.0,1,1.0,1.0,1.0
1418,2754,103.0,Gąska,1,1.0,1,2.0,1.0,1.0
1419,2757,103.0,Gąska,1,1.0,4,5.0,5.0,1.0
1420,2766,103.0,Gąska,1,1.0,3,5.0,1.0,5.0
1421,2801,103.0,Gąska,1,1.0,1,4.0,1.0,1.0
1422,2809,103.0,Gąska,1,1.0,4,999.0,1.0,1.0
1423,2813,103.0,Gąska,1,1.0,3,5.0,1.0,5.0
1424,2837,103.0,Gąska,1,1.0,3,3.0,1.0,1.0
1425,2862,103.0,Gąska,1,1.0,4,3.0,5.0,5.0
1426,2886,103.0,Gąska,1,1.0,3,2.0,1.0,1.0
1427,1135,104.0,Podgrzybek,1,1.0,3,2.0,1.0,1.0
1428,1159,104.0,Podgrzybek,1,1.0,4,5.0,1.0,1.0
1429,1187,104.0,Podgrzybek,1,1.0,3,5.0,1.0,5.0
1430,1230,104.0,Podgrzybek,1,1.0,4,4.0,5.0,1.0
1431,1242,104.0,Podgrzybek,1,1.0,1,5.0,1.0,1.0
1432,1253,104.0,Podgrzybek,1,1.0,4,5.0,5.0,5.0
1433,1280,104.0,Podgrzybek,1,1.0,4,4.0,1.0,3.0
1434,1311,104.0,Podgrzybek,1,1.0,5,4.0,3.0,1.0
1435,1323,104.0,Podgrzybek,1,1.0,3,4.0,1.0,1.0
1436,1344,104.0,Podgrzybek,1,1.0,3,1.0,1.0,1.0
1437,1360,104.0,Podgrzybek,1,1.0,5,3.0,5.0,5.0
1438,1364,104.0,Podgrzybek,1,1.0,3,5.0,1.0,1.0
1439,1375,104.0,Podgrzybek,1,1.0,4,5.0,2.0,1.0
1440,1393,104.0,Podgrzybek,1,1.0,5,5.0,2.0,1.0
1441,1403,104.0,Podgrzybek,1,1.0,3,1.0,1.0,1.0
1442,1412,104.0,Podgrzybek,1,1.0,5,1.0,3.0,1.0
1443,1439,104.0,Podgrzybek,1,1.0,3,2.0,1.0,1.0
1444,1440,104.0,Podgrzybek,1,1.0,5,5.0,2.0,5.0
1445,1486,104.0,Podgrzybek,1,1.0,3,3.0,1.0,1.0
1446,1634,104.0,Podgrzybek,1,1.0,5,5.0,4.0,1.0
1447,1649,104.0,Podgrzybek,1,1.0,3,5.0,1.0,1.0
1448,1664,104.0,Podgrzybek,1,1.0,5,5.0,2.0,1.0
1449,1672,104.0,Podgrzybek,1,1.0,5,4.0,5.0,1.0
1450,1692,104.0,Podgrzybek,1,1.0,3,5.0,1.0,1.0
1451,1716,104.0,Podgrzybek,1,1.0,5,3.0,2.0,1.0
1452,1800,104.0,Podgrzybek,1,1.0,5,4.0,1.0,1.0
1453,1866,104.0,Podgrzybek,1,1.0,5,4.0,4.0,1.0
1454,1928,104.0,Podgrzybek,1,1.0,4,4.0,1.0,1.0
1455,1961,104.0,Podgrzybek,1,1.0,3,4.0,1.0,1.0
1456,1976,104.0,Podgrzybek,1,1.0,1,4.0,1.0,1.0
1457,2008,104.0,Podgrzybek,1,1.0,4,5.0,3.0,1.0
1458,2036,104.0,Podgrzybek,1,1.0,4,1.0,1.0,1.0
1459,2069,104.0,Podgrzybek,1,1.0,3,4.0,1.0,1.0
1460,2086,104.0,Podgrzybek,1,1.0,3,2.0,1.0,1.0
1461,2120,104.0,Podgrzybek,1,1.0,1,5.0,1.0,1.0
1462,2131,104.0,Podgrzybek,1,1.0,1,2.0,1.0,3.0
1463,2147,104.0,Podgrzybek,1,1.0,4,3.0,1.0,5.0
1464,2164,104.0,Podgrzybek,1,1.0,3,2.0,1.0,1.0
1465,2167,104.0,Podgrzybek,1,1.0,4,4.0,1.0,1.0
1466,2170,104.0,Podgrzybek,1,1.0,1,4.0,1.0,1.0
1467,2180,104.0,Podgrzybek,1,1.0,5,4.0,3.0,1.0
1468,2205,104.0,Podgrzybek,1,1.0,1,1.0,1.0,1.0
1469,2214,104.0,Podgrzybek,1,1.0,3,3.0,1.0,3.0
1470,2218,104.0,Podgrzybek,1,1.0,1,2.0,1.0,3.0
1471,2227,104.0,Podgrzybek,1,1.0,1,3.0,1.0,1.0
1472,2265,104.0,Podgrzybek,1,1.0,3,2.0,1.0,1.0
1473,2279,104.0,Podgrzybek,1,1.0,1,5.0,1.0,3.0
1474,2285,104.0,Podgrzybek,1,1.0,3,5.0,1.0,1.0
1475,2296,104.0,Podgrzybek,1,1.0,1,2.0,1.0,1.0
1476,2316,104.0,Podgrzybek,1,1.0,3,5.0,1.0,1.0
1477,2324,104.0,Podgrzybek,1,1.0,5,5.0,1.0,1.0
1478,2356,104.0,Podgrzybek,1,1.0,1,5.0,1.0,1.0
1479,2368,104.0,Podgrzybek,1,1.0,1,1.0,1.0,1.0
1480,2373,104.0,Podgrzybek,1,1.0,3,1.0,1.0,3.0
1481,2386,104.0,Podgrzybek,1,1.0,1,1.0,1.0,1.0
1482,2403,104.0,Podgrzybek,1,1.0,3,2.0,1.0,1.0
1483,2430,104.0,Podgrzybek,1,1.0,3,2.0,1.0,1.0
1484,2437,104.0,Podgrzybek,1,1.0,1,2.0,1.0,1.0
1485,2441,104.0,Podgrzybek,1,1.0,3,1.0,1.0,1.0
1486,2455,104.0,Podgrzybek,1,1.0,3,4.0,1.0,1.0
1487,2489,104.0,Podgrzybek,1,1.0,4,1.0,2.0,1.0
1488,2567,104.0,Podgrzybek,1,1.0,3,3.0,1.0,1.0
1489,2579,104.0,Podgrzybek,1,1.0,5,1.0,4.0,1.0
1490,2583,104.0,Podgrzybek,1,1.0,4,2.0,5.0,1.0
1491,2590,104.0,Podgrzybek,1,1.0,5,3.0,4.0,1.0
1492,2615,104.0,Podgrzybek,1,1.0,3,4.0,1.0,1.0
1493,2623,104.0,Podgrzybek,1,1.0,1,4.0,1.0,1.0
1494,2625,104.0,Podgrzybek,1,1.0,4,4.0,3.0,1.0
1495,2642,104.0,Podgrzybek,1,1.0,5,2.0,4.0,5.0
1496,2643,104.0,Podgrzybek,1,1.0,1,1.0,1.0,1.0
1497,2645,104.0,Podgrzybek,1,1.0,4,2.0,2.0,1.0
1498,2651,104.0,Podgrzybek,1,1.0,3,2.0,1.0,1.0
1499,2664,104.0,Podgrzybek,1,1.0,1,3.0,1.0,5.0
1500,2670,104.0,Podgrzybek,1,1.0,3,1.0,1.0,1.0
1501,2688,104.0,Podgrzybek,1,1.0,1,1.0,1.0,5.0
1502,2731,104.0,Podgrzybek,1,1.0,5,5.0,5.0,5.0
1503,2742,104.0,Podgrzybek,1,1.0,1,1.0,1.0,5.0
1504,2744,104.0,Podgrzybek,1,1.0,3,2.0,1.0,1.0
1505,2754,104.0,Podgrzybek,1,1.0,3,5.0,1.0,1.0
1506,2775,104.0,Podgrzybek,1,1.0,1,3.0,1.0,1.0
1507,2798,104.0,Podgrzybek,1,1.0,1,2.0,1.0,1.0
1508,2809,104.0,Podgrzybek,1,1.0,3,5.0,1.0,1.0
1509,2822,104.0,Podgrzybek,1,1.0,5,4.0,3.0,1.0
1510,2837,104.0,Podgrzybek,1,1.0,4,1.0,3.0,1.0
1511,2862,104.0,Podgrzybek,1,1.0,4,5.0,4.0,1.0
1512,2865,104.0,Podgrzybek,1,1.0,1,3.0,1.0,1.0
1513,2886,104.0,Podgrzybek,1,1.0,4,3.0,4.0,1.0
1514,1135,105.0,Koźlarz,1,1.0,1,5.0,1.0,5.0
1515,1151,105.0,Koźlarz,1,1.0,4,2.0,4.0,1.0
1516,1159,105.0,Koźlarz,1,1.0,4,3.0,1.0,1.0
1517,1187,105.0,Koźlarz,1,1.0,4,4.0,5.0,1.0
1518,1230,105.0,Koźlarz,1,1.0,3,4.0,1.0,1.0
1519,1242,105.0,Koźlarz,1,1.0,3,4.0,1.0,1.0
1520,1319,105.0,Koźlarz,1,1.0,4,1.0,3.0,1.0
1521,1323,105.0,Koźlarz,1,1.0,5,3.0,5.0,1.0
1522,1336,105.0,Koźlarz,1,1.0,5,4.0,2.0,1.0
1523,1357,105.0,Koźlarz,1,1.0,5,1.0,5.0,3.0
1524,1364,105.0,Koźlarz,1,1.0,5,5.0,4.0,1.0
1525,1368,105.0,Koźlarz,1,1.0,5,2.0,2.0,1.0
1526,1375,105.0,Koźlarz,1,1.0,5,2.0,4.0,1.0
1527,1387,105.0,Koźlarz,1,1.0,5,1.0,1.0,5.0
1528,1430,105.0,Koźlarz,1,1.0,4,4.0,3.0,1.0
1529,1438,105.0,Koźlarz,1,1.0,5,4.0,2.0,5.0
1530,1440,105.0,Koźlarz,1,1.0,1,2.0,1.0,1.0
1531,1485,105.0,Koźlarz,1,1.0,1,3.0,1.0,1.0
1532,1490,105.0,Koźlarz,1,1.0,5,1.0,4.0,3.0
1533,1599,105.0,Koźlarz,1,1.0,4,5.0,5.0,1.0
1534,1612,105.0,Koźlarz,1,1.0,5,4.0,3.0,1.0
1535,1672,105.0,Koźlarz,1,1.0,5,3.0,1.0,1.0
1536,1733,105.0,Koźlarz,1,1.0,1,5.0,1.0,1.0
1537,1866,105.0,Koźlarz,1,1.0,5,4.0,2.0,1.0
1538,1961,105.0,Koźlarz,1,1.0,3,5.0,1.0,1.0
1539,1976,105.0,Koźlarz,1,1.0,1,4.0,1.0,1.0
1540,2066,105.0,Koźlarz,1,1.0,4,4.0,5.0,1.0
1541,2131,105.0,Koźlarz,1,1.0,1,5.0,1.0,1.0
1542,2147,105.0,Koźlarz,1,1.0,1,3.0,1.0,1.0
1543,2164,105.0,Koźlarz,1,1.0,4,5.0,1.0,1.0
1544,2170,105.0,Koźlarz,1,1.0,3,4.0,1.0,1.0
1545,2214,105.0,Koźlarz,1,1.0,5,3.0,4.0,1.0
1546,2218,105.0,Koźlarz,1,1.0,3,2.0,1.0,1.0
1547,2247,105.0,Koźlarz,1,1.0,3,3.0,1.0,5.0
1548,2283,105.0,Koźlarz,1,1.0,3,2.0,1.0,1.0
1549,2285,105.0,Koźlarz,1,1.0,4,1.0,2.0,5.0
1550,2287,105.0,Koźlarz,1,1.0,3,3.0,1.0,1.0
1551,2296,105.0,Koźlarz,1,1.0,1,2.0,1.0,1.0
1552,2316,105.0,Koźlarz,1,1.0,5,2.0,4.0,1.0
1553,2355,105.0,Koźlarz,1,1.0,4,2.0,4.0,1.0
1554,2368,105.0,Koźlarz,1,1.0,3,5.0,1.0,1.0
1555,2373,105.0,Koźlarz,1,1.0,5,4.0,4.0,1.0
1556,2375,105.0,Koźlarz,1,1.0,1,4.0,1.0,1.0
1557,2403,105.0,Koźlarz,1,1.0,4,1.0,4.0,1.0
1558,2407,105.0,Koźlarz,1,1.0,1,2.0,1.0,3.0
1559,2418,105.0,Koźlarz,1,1.0,4,5.0,1.0,1.0
1560,2430,105.0,Koźlarz,1,1.0,1,5.0,1.0,5.0
1561,2437,105.0,Koźlarz,1,1.0,5,1.0,5.0,1.0
1562,2441,105.0,Koźlarz,1,1.0,3,1.0,1.0,3.0
1563,2455,105.0,Koźlarz,1,1.0,1,2.0,1.0,5.0
1564,2466,105.0,Koźlarz,1,1.0,1,2.0,1.0,3.0
1565,2489,105.0,Koźlarz,1,1.0,3,3.0,1.0,1.0
1566,2509,105.0,Koźlarz,1,1.0,3,2.0,1.0,3.0
1567,2520,105.0,Koźlarz,1,1.0,1,2.0,1.0,1.0
1568,2523,105.0,Koźlarz,1,1.0,1,5.0,1.0,1.0
1569,2545,105.0,Koźlarz,1,1.0,4,1.0,4.0,3.0
1570,2549,105.0,Koźlarz,1,1.0,1,1.0,1.0,1.0
1571,2579,105.0,Koźlarz,1,1.0,3,3.0,1.0,1.0
1572,2590,105.0,Koźlarz,1,1.0,3,2.0,1.0,3.0
1573,2594,105.0,Koźlarz,1,1.0,3,5.0,1.0,1.0
1574,2642,105.0,Koźlarz,1,1.0,1,2.0,1.0,1.0
1575,2643,105.0,Koźlarz,1,1.0,4,1.0,2.0,1.0
1576,2664,105.0,Koźlarz,1,1.0,4,5.0,2.0,3.0
1577,2670,105.0,Koźlarz,1,1.0,5,3.0,2.0,1.0
1578,2674,105.0,Koźlarz,1,1.0,3,3.0,1.0,1.0
1579,2691,105.0,Koźlarz,1,1.0,5,1.0,3.0,1.0
1580,2703,105.0,Koźlarz,1,1.0,5,4.0,1.0,1.0
1581,2707,105.0,Koźlarz,1,1.0,1,1.0,1.0,1.0
1582,2731,105.0,Koźlarz,1,1.0,3,2.0,1.0,1.0
1583,2754,105.0,Koźlarz,1,1.0,4,3.0,2.0,1.0
1584,2766,105.0,Koźlarz,1,1.0,3,5.0,1.0,1.0
1585,2775,105.0,Koźlarz,1,1.0,3,2.0,1.0,1.0
1586,2798,105.0,Koźlarz,1,1.0,4,1.0,3.0,1.0
1587,2801,105.0,Koźlarz,1,1.0,4,2.0,5.0,1.0
1588,2813,105.0,Koźlarz,1,1.0,1,4.0,1.0,1.0
1589,2817,105.0,Koźlarz,1,1.0,5,1.0,1.0,1.0
1590,2862,105.0,Koźlarz,1,1.0,1,5.0,1.0,3.0
1591,2865,105.0,Koźlarz,1,1.0,5,4.0,5.0,1.0
1592,2886,105.0,Koźlarz,1,1.0,3,1.0,1.0,1.0
1593,1159,106.0,Maślak,1,1.0,1,1.0,1.0,1.0
1594,1218,106.0,Maślak,1,1.0,5,4.0,4.0,1.0
1595,1230,106.0,Maślak,1,1.0,5,4.0,3.0,1.0
1596,1242,106.0,Maślak,1,1.0,5,5.0,5.0,5.0
1597,1280,106.0,Maślak,1,1.0,1,2.0,1.0,5.0
1598,1323,106.0,Maślak,1,1.0,4,5.0,4.0,1.0
1599,1336,106.0,Maślak,1,1.0,5,5.0,4.0,1.0
1600,1360,106.0,Maślak,1,1.0,1,1.0,1.0,1.0
1601,1364,106.0,Maślak,1,1.0,3,2.0,1.0,1.0
1602,1368,106.0,Maślak,1,1.0,5,3.0,2.0,1.0
1603,1393,106.0,Maślak,1,1.0,3,1.0,1.0,3.0
1604,1438,106.0,Maślak,1,1.0,4,4.0,3.0,1.0
1605,1440,106.0,Maślak,1,1.0,4,4.0,3.0,1.0
1606,1475,106.0,Maślak,1,1.0,5,3.0,3.0,1.0
1607,1501,106.0,Maślak,1,1.0,4,2.0,5.0,1.0
1608,1504,106.0,Maślak,1,1.0,4,1.0,1.0,1.0
1609,1626,106.0,Maślak,1,1.0,5,3.0,3.0,1.0
1610,1664,106.0,Maślak,1,1.0,3,4.0,1.0,5.0
1611,1733,106.0,Maślak,1,1.0,3,3.0,1.0,1.0
1612,1800,106.0,Maślak,1,1.0,4,4.0,3.0,1.0
1613,1866,106.0,Maślak,1,1.0,3,3.0,1.0,1.0
1614,1928,106.0,Maślak,1,1.0,4,4.0,5.0,1.0
1615,1969,106.0,Maślak,1,1.0,3,2.0,1.0,3.0
1616,1971,106.0,Maślak,1,1.0,4,1.0,3.0,1.0
1617,2008,106.0,Maślak,1,1.0,5,2.0,1.0,1.0
1618,2053,106.0,Maślak,1,1.0,5,5.0,3.0,3.0
1619,2069,106.0,Maślak,1,1.0,3,1.0,1.0,1.0
1620,2070,106.0,Maślak,1,1.0,1,5.0,1.0,1.0
1621,2107,106.0,Maślak,1,1.0,1,2.0,1.0,1.0
1622,2122,106.0,Maślak,1,1.0,1,3.0,1.0,1.0
1623,2131,106.0,Maślak,1,1.0,4,2.0,3.0,1.0
1624,2180,106.0,Maślak,1,1.0,4,4.0,4.0,1.0
1625,2210,106.0,Maślak,1,1.0,1,5.0,1.0,1.0
1626,2214,106.0,Maślak,1,1.0,4,2.0,5.0,5.0
1627,2279,106.0,Maślak,1,1.0,1,1.0,1.0,1.0
1628,2283,106.0,Maślak,1,1.0,3,4.0,1.0,1.0
1629,2296,106.0,Maślak,1,1.0,4,5.0,2.0,1.0
1630,2324,106.0,Maślak,1,1.0,4,3.0,4.0,1.0
1631,2329,106.0,Maślak,1,1.0,3,2.0,1.0,1.0
1632,2368,106.0,Maślak,1,1.0,1,5.0,1.0,1.0
1633,2373,106.0,Maślak,1,1.0,4,5.0,2.0,1.0
1634,2386,106.0,Maślak,1,1.0,1,2.0,1.0,1.0
1635,2391,106.0,Maślak,1,1.0,1,2.0,1.0,3.0
1636,2403,106.0,Maślak,1,1.0,5,5.0,5.0,1.0
1637,2418,106.0,Maślak,1,1.0,5,1.0,5.0,1.0
1638,2430,106.0,Maślak,1,1.0,1,3.0,1.0,1.0
1639,2437,106.0,Maślak,1,1.0,3,1.0,1.0,3.0
1640,2455,106.0,Maślak,1,1.0,1,3.0,1.0,1.0
1641,2466,106.0,Maślak,1,1.0,5,4.0,1.0,1.0
1642,2470,106.0,Maślak,1,1.0,4,3.0,1.0,1.0
1643,2484,106.0,Maślak,1,1.0,4,5.0,5.0,1.0
1644,2520,106.0,Maślak,1,1.0,1,3.0,1.0,3.0
1645,2523,106.0,Maślak,1,1.0,1,4.0,1.0,1.0
1646,2545,106.0,Maślak,1,1.0,1,3.0,1.0,1.0
1647,2567,106.0,Maślak,1,1.0,4,5.0,1.0,5.0
1648,2590,106.0,Maślak,1,1.0,5,5.0,3.0,1.0
1649,2613,106.0,Maślak,1,1.0,1,5.0,1.0,1.0
1650,2615,106.0,Maślak,1,1.0,5,4.0,5.0,1.0
1651,2619,106.0,Maślak,1,1.0,1,3.0,1.0,5.0
1652,2625,106.0,Maślak,1,1.0,1,5.0,1.0,1.0
1653,2634,106.0,Maślak,1,1.0,5,5.0,3.0,1.0
1654,2643,106.0,Maślak,1,1.0,5,2.0,2.0,1.0
1655,2664,106.0,Maślak,1,1.0,1,5.0,1.0,1.0
1656,2670,106.0,Maślak,1,1.0,1,2.0,1.0,5.0
1657,2674,106.0,Maślak,1,1.0,5,4.0,1.0,1.0
1658,2688,106.0,Maślak,1,1.0,5,2.0,3.0,1.0
1659,2695,106.0,Maślak,1,1.0,3,2.0,1.0,1.0
1660,2727,106.0,Maślak,1,1.0,5,1.0,3.0,5.0
1661,2748,106.0,Maślak,1,1.0,1,1.0,1.0,1.0
1662,2786,106.0,Maślak,1,1.0,4,2.0,1.0,1.0
1663,2798,106.0,Maślak,1,1.0,1,3.0,1.0,1.0
1664,2801,106.0,Maślak,1,1.0,4,2.0,3.0,1.0
1665,2809,106.0,Maślak,1,1.0,1,3.0,1.0,5.0
1666,2813,106.0,Maślak,1,1.0,3,4.0,1.0,1.0
1667,2822,106.0,Maślak,1,1.0,5,5.0,2.0,1.0
1668,2837,106.0,Maślak,1,1.0,1,3.0,1.0,3.0
1669,2862,106.0,Maślak,1,1.0,4,3.0,2.0,1.0
1670,1135,107.0,Opieńka,1,1.0,5,4.0,5.0,1.0
1671,1150,107.0,Opieńka,1,1.0,5,1.0,2.0,1.0
1672,1159,107.0,Opieńka,1,1.0,4,5.0,5.0,1.0
1673,1230,107.0,Opieńka,1,1.0,4,999.0,4.0,1.0
1674,1242,107.0,Opieńka,1,1.0,5,4.0,3.0,1.0
1675,1253,107.0,Opieńka,1,1.0,1,4.0,1.0,1.0
1676,1280,107.0,Opieńka,1,1.0,4,1.0,4.0,1.0
1677,1311,107.0,Opieńka,1,1.0,4,4.0,1.0,1.0
1678,1323,107.0,Opieńka,1,1.0,3,4.0,1.0,1.0
1679,1344,107.0,Opieńka,1,1.0,5,4.0,1.0,3.0
1680,1357,107.0,Opieńka,1,1.0,5,4.0,4.0,1.0
1681,1360,107.0,Opieńka,1,1.0,1,2.0,1.0,1.0
1682,1364,107.0,Opieńka,1,1.0,5,1.0,5.0,1.0
1683,1375,107.0,Opieńka,1,1.0,4,5.0,1.0,1.0
1684,1412,107.0,Opieńka,1,1.0,4,1.0,3.0,1.0
1685,1439,107.0,Opieńka,1,1.0,1,1.0,1.0,1.0
1686,1440,107.0,Opieńka,1,1.0,5,2.0,2.0,1.0
1687,1475,107.0,Opieńka,1,1.0,1,3.0,1.0,1.0
1688,1540,107.0,Opieńka,1,1.0,4,5.0,5.0,3.0
1689,1612,107.0,Opieńka,1,1.0,4,4.0,4.0,5.0
1690,1626,107.0,Opieńka,1,1.0,4,3.0,3.0,1.0
1691,1634,107.0,Opieńka,1,1.0,5,2.0,5.0,1.0
1692,1649,107.0,Opieńka,1,1.0,5,4.0,2.0,1.0
1693,1664,107.0,Opieńka,1,1.0,5,2.0,1.0,1.0
1694,1672,107.0,Opieńka,1,1.0,5,1.0,3.0,3.0
1695,1767,107.0,Opieńka,1,1.0,4,4.0,2.0,1.0
1696,1799,107.0,Opieńka,1,1.0,1,1.0,1.0,1.0
1697,1800,107.0,Opieńka,1,1.0,4,1.0,2.0,1.0
1698,1866,107.0,Opieńka,1,1.0,3,2.0,1.0,5.0
1699,1928,107.0,Opieńka,1,1.0,3,2.0,1.0,5.0
1700,1971,107.0,Opieńka,1,1.0,1,2.0,1.0,1.0
1701,2008,107.0,Opieńka,1,1.0,1,5.0,1.0,3.0
1702,2027,107.0,Opieńka,1,1.0,5,5.0,1.0,1.0
1703,2069,107.0,Opieńka,1,1.0,3,2.0,1.0,1.0
1704,2086,107.0,Opieńka,1,1.0,1,3.0,1.0,1.0
1705,2147,107.0,Opieńka,1,1.0,5,4.0,4.0,1.0
1706,2164,107.0,Opieńka,1,1.0,4,1.0,2.0,1.0
1707,2167,107.0,Opieńka,1,1.0,4,5.0,5.0,1.0
1708,2210,107.0,Opieńka,1,1.0,1,2.0,1.0,5.0
1709,2214,107.0,Opieńka,1,1.0,5,5.0,3.0,1.0
1710,2227,107.0,Opieńka,1,1.0,4,2.0,3.0,1.0
1711,2247,107.0,Opieńka,1,1.0,1,5.0,1.0,1.0
1712,2279,107.0,Opieńka,1,1.0,1,3.0,1.0,1.0
1713,2287,107.0,Opieńka,1,1.0,1,5.0,1.0,5.0
1714,2296,107.0,Opieńka,1,1.0,1,3.0,1.0,1.0
1715,2313,107.0,Opieńka,1,1.0,5,3.0,5.0,3.0
1716,2324,107.0,Opieńka,1,1.0,4,5.0,3.0,1.0
1717,2355,107.0,Opieńka,1,1.0,4,2.0,2.0,1.0
1718,2356,107.0,Opieńka,1,1.0,1,2.0,1.0,3.0
1719,2373,107.0,Opieńka,1,1.0,3,3.0,1.0,5.0
1720,2375,107.0,Opieńka,1,1.0,1,2.0,1.0,1.0
1721,2386,107.0,Opieńka,1,1.0,1,1.0,1.0,1.0
1722,2430,107.0,Opieńka,1,1.0,3,3.0,1.0,1.0
1723,2441,107.0,Opieńka,1,1.0,1,2.0,1.0,1.0
1724,2455,107.0,Opieńka,1,1.0,5,2.0,3.0,1.0
1725,2484,107.0,Opieńka,1,1.0,5,1.0,3.0,1.0
1726,2520,107.0,Opieńka,1,1.0,1,1.0,1.0,1.0
1727,2523,107.0,Opieńka,1,1.0,3,3.0,1.0,1.0
1728,2545,107.0,Opieńka,1,1.0,3,2.0,1.0,1.0
1729,2563,107.0,Opieńka,1,1.0,5,1.0,3.0,1.0
1730,2567,107.0,Opieńka,1,1.0,4,5.0,2.0,1.0
1731,2594,107.0,Opieńka,1,1.0,4,5.0,2.0,1.0
1732,2609,107.0,Opieńka,1,1.0,5,5.0,5.0,1.0
1733,2613,107.0,Opieńka,1,1.0,3,3.0,1.0,1.0
1734,2619,107.0,Opieńka,1,1.0,1,4.0,1.0,1.0
1735,2620,107.0,Opieńka,1,1.0,1,4.0,1.0,1.0
1736,2631,107.0,Opieńka,1,1.0,3,5.0,1.0,1.0
1737,2634,107.0,Opieńka,1,1.0,3,5.0,1.0,1.0
1738,2643,107.0,Opieńka,1,1.0,4,3.0,5.0,5.0
1739,2664,107.0,Opieńka,1,1.0,5,3.0,5.0,1.0
1740,2670,107.0,Opieńka,1,1.0,5,2.0,5.0,1.0
1741,2674,107.0,Opieńka,1,1.0,3,3.0,1.0,1.0
1742,2691,107.0,Opieńka,1,1.0,5,5.0,5.0,1.0
1743,2703,107.0,Opieńka,1,1.0,1,1.0,1.0,1.0
1744,2707,107.0,Opieńka,1,1.0,1,1.0,1.0,1.0
1745,2742,107.0,Opieńka,1,1.0,1,5.0,1.0,1.0
1746,2754,107.0,Opieńka,1,1.0,4,2.0,3.0,1.0
1747,2757,107.0,Opieńka,1,1.0,1,5.0,1.0,1.0
1748,2780,107.0,Opieńka,1,1.0,1,1.0,1.0,1.0
1749,2798,107.0,Opieńka,1,1.0,4,1.0,5.0,1.0
1750,2801,107.0,Opieńka,1,1.0,4,1.0,1.0,1.0
1751,2837,107.0,Opieńka,1,1.0,4,4.0,2.0,1.0
1752,2886,107.0,Opieńka,1,1.0,5,2.0,1.0,3.0
1753,1159,108.0,Gołąbek,1,1.0,4,3.0,5.0,1.0
1754,1218,108.0,Gołąbek,1,1.0,5,4.0,5.0,1.0
1755,1311,108.0,Gołąbek,1,1.0,4,3.0,2.0,1.0
1756,1323,108.0,Gołąbek,1,1.0,3,4.0,1.0,1.0
1757,1336,108.0,Gołąbek,1,1.0,4,4.0,4.0,1.0
1758,1358,108.0,Gołąbek,1,1.0,5,2.0,5.0,1.0
1759,1364,108.0,Gołąbek,1,1.0,3,4.0,1.0,1.0
1760,1404,108.0,Gołąbek,1,1.0,4,3.0,4.0,1.0
1761,1440,108.0,Gołąbek,1,1.0,3,2.0,1.0,1.0
1762,1485,108.0,Gołąbek,1,1.0,4,4.0,2.0,1.0
1763,1486,108.0,Gołąbek,1,1.0,1,4.0,1.0,1.0
1764,1504,108.0,Gołąbek,1,1.0,1,5.0,1.0,1.0
1765,1593,108.0,Gołąbek,1,1.0,5,5.0,3.0,1.0
1766,1599,108.0,Gołąbek,1,1.0,4,4.0,5.0,1.0
1767,1605,108.0,Gołąbek,1,1.0,4,4.0,5.0,1.0
1768,1649,108.0,Gołąbek,1,1.0,4,3.0,5.0,3.0
1769,1716,108.0,Gołąbek,1,1.0,4,4.0,4.0,1.0
1770,1866,108.0,Gołąbek,1,1.0,1,4.0,1.0,1.0
1771,1969,108.0,Gołąbek,1,1.0,1,2.0,1.0,1.0
1772,2008,108.0,Gołąbek,1,1.0,1,2.0,1.0,1.0
1773,2027,108.0,Gołąbek,1,1.0,3,4.0,1.0,1.0
1774,2053,108.0,Gołąbek,1,1.0,1,5.0,1.0,1.0
1775,2086,108.0,Gołąbek,1,1.0,1,1.0,1.0,1.0
1776,2107,108.0,Gołąbek,1,1.0,3,3.0,1.0,1.0
1777,2114,108.0,Gołąbek,1,1.0,3,2.0,1.0,1.0
1778,2120,108.0,Gołąbek,1,1.0,4,5.0,5.0,1.0
1779,2147,108.0,Gołąbek,1,1.0,4,3.0,1.0,1.0
1780,2167,108.0,Gołąbek,1,1.0,4,1.0,2.0,1.0
1781,2170,108.0,Gołąbek,1,1.0,3,3.0,1.0,1.0
1782,2210,108.0,Gołąbek,1,1.0,1,3.0,1.0,1.0
1783,2214,108.0,Gołąbek,1,1.0,4,1.0,3.0,1.0
1784,2235,108.0,Gołąbek,1,1.0,1,1.0,1.0,1.0
1785,2247,108.0,Gołąbek,1,1.0,3,1.0,1.0,1.0
1786,2283,108.0,Gołąbek,1,1.0,3,4.0,1.0,1.0
1787,2285,108.0,Gołąbek,1,1.0,5,3.0,3.0,1.0
1788,2296,108.0,Gołąbek,1,1.0,1,1.0,1.0,5.0
1789,2313,108.0,Gołąbek,1,1.0,1,3.0,1.0,5.0
1790,2324,108.0,Gołąbek,1,1.0,4,3.0,2.0,1.0
1791,2329,108.0,Gołąbek,1,1.0,1,3.0,1.0,3.0
1792,2356,108.0,Gołąbek,1,1.0,1,3.0,1.0,1.0
1793,2368,108.0,Gołąbek,1,1.0,4,5.0,4.0,1.0
1794,2373,108.0,Gołąbek,1,1.0,1,5.0,1.0,1.0
1795,2375,108.0,Gołąbek,1,1.0,5,3.0,3.0,1.0
1796,2403,108.0,Gołąbek,1,1.0,5,1.0,3.0,5.0
1797,2407,108.0,Gołąbek,1,1.0,4,2.0,3.0,1.0
1798,2430,108.0,Gołąbek,1,1.0,5,3.0,4.0,1.0
1799,2455,108.0,Gołąbek,1,1.0,5,3.0,5.0,1.0
1800,2484,108.0,Gołąbek,1,1.0,1,1.0,1.0,1.0
1801,2523,108.0,Gołąbek,1,1.0,3,3.0,1.0,1.0
1802,2545,108.0,Gołąbek,1,1.0,1,4.0,1.0,1.0
1803,2563,108.0,Gołąbek,1,1.0,1,3.0,1.0,1.0
1804,2583,108.0,Gołąbek,1,1.0,3,4.0,1.0,3.0
1805,2590,108.0,Gołąbek,1,1.0,3,1.0,1.0,1.0
1806,2594,108.0,Gołąbek,1,1.0,3,2.0,1.0,1.0
1807,2609,108.0,Gołąbek,1,1.0,1,3.0,1.0,1.0
1808,2613,108.0,Gołąbek,1,1.0,5,3.0,5.0,1.0
1809,2615,108.0,Gołąbek,1,1.0,3,2.0,1.0,1.0
1810,2619,108.0,Gołąbek,1,1.0,5,1.0,2.0,1.0
1811,2620,108.0,Gołąbek,1,1.0,4,5.0,4.0,3.0
1812,2623,108.0,Gołąbek,1,1.0,5,4.0,4.0,5.0
1813,2631,108.0,Gołąbek,1,1.0,5,3.0,3.0,1.0
1814,2634,108.0,Gołąbek,1,1.0,3,3.0,1.0,1.0
1815,2642,108.0,Gołąbek,1,1.0,4,5.0,5.0,1.0
1816,2645,108.0,Gołąbek,1,1.0,1,1.0,1.0,1.0
1817,2664,108.0,Gołąbek,1,1.0,4,2.0,5.0,1.0
1818,2670,108.0,Gołąbek,1,1.0,1,2.0,1.0,1.0
1819,2674,108.0,Gołąbek,1,1.0,1,4.0,1.0,1.0
1820,2691,108.0,Gołąbek,1,1.0,4,1.0,5.0,5.0
1821,2695,108.0,Gołąbek,1,1.0,1,5.0,1.0,1.0
1822,2703,108.0,Gołąbek,1,1.0,5,5.0,5.0,1.0
1823,2707,108.0,Gołąbek,1,1.0,3,5.0,1.0,5.0
1824,2727,108.0,Gołąbek,1,1.0,1,1.0,1.0,1.0
1825,2731,108.0,Gołąbek,1,1.0,3,4.0,1.0,1.0
1826,2744,108.0,Gołąbek,1,1.0,1,2.0,1.0,5.0
1827,2748,108.0,Gołąbek,1,1.0,4,5.0,3.0,1.0
1828,2754,108.0,Gołąbek,1,1.0,5,5.0,3.0,1.0
1829,2766,108.0,Gołąbek,1,1.0,5,4.0,3.0,1.0
1830,2775,108.0,Gołąbek,1,1.0,1,5.0,1.0,1.0
1831,2780,108.0,Gołąbek,1,1.0,3,1.0,1.0,1.0
1832,2798,108.0,Gołąbek,1,1.0,1,2.0,1.0,1.0
1833,2813,108.0,Gołąbek,1,1.0,1,3.0,1.0,3.0
1834,2837,108.0,Gołąbek,1,1.0,1,2.0,1.0,1.0
1835,1135,109.0,Boczniak,1,1.0,5,5.0,4.0,1.0
1836,1150,109.0,Boczniak,1,1.0,3,3.0,1.0,1.0
1837,1154,109.0,Boczniak,1,1.0,1,3.0,1.0,5.0
1838,1159,109.0,Boczniak,1,1.0,1,4.0,1.0,1.0
1839,1167,109.0,Boczniak,1,1.0,1,1.0,1.0,1.0
1840,1177,109.0,Boczniak,1,1.0,3,1.0,1.0,5.0
1841,1187,109.0,Boczniak,1,1.0,3,5.0,1.0,1.0
1842,1191,109.0,Boczniak,1,1.0,1,2.0,1.0,1.0
1843,1218,109.0,Boczniak,1,1.0,1,3.0,1.0,5.0
1844,1230,109.0,Boczniak,1,1.0,3,1.0,1.0,1.0
1845,1234,109.0,Boczniak,1,1.0,1,2.0,1.0,1.0
1846,1242,109.0,Boczniak,1,1.0,1,5.0,1.0,1.0
1847,1253,109.0,Boczniak,1,1.0,1,5.0,1.0,1.0
1848,1280,109.0,Boczniak,1,1.0,1,2.0,1.0,1.0
1849,1301,109.0,Boczniak,1,1.0,1,5.0,1.0,1.0
1850,1311,109.0,Boczniak,1,1.0,4,3.0,4.0,1.0
1851,1319,109.0,Boczniak,1,1.0,1,3.0,1.0,1.0
1852,1323,109.0,Boczniak,1,1.0,1,1.0,1.0,1.0
1853,1344,109.0,Boczniak,1,1.0,1,5.0,1.0,1.0
1854,1357,109.0,Boczniak,1,1.0,1,2.0,1.0,1.0
1855,1358,109.0,Boczniak,1,1.0,1,5.0,1.0,1.0
1856,1360,109.0,Boczniak,1,1.0,4,5.0,5.0,1.0
1857,1364,109.0,Boczniak,1,1.0,1,4.0,1.0,5.0
1858,1368,109.0,Boczniak,1,1.0,1,1.0,1.0,1.0
1859,1371,109.0,Boczniak,1,1.0,4,4.0,3.0,1.0
1860,1375,109.0,Boczniak,1,1.0,1,3.0,1.0,1.0
1861,1387,109.0,Boczniak,1,1.0,1,2.0,1.0,1.0
1862,1393,109.0,Boczniak,1,1.0,1,1.0,1.0,1.0
1863,1403,109.0,Boczniak,1,1.0,1,3.0,1.0,1.0
1864,1404,109.0,Boczniak,1,1.0,1,2.0,1.0,1.0
1865,1412,109.0,Boczniak,1,1.0,1,1.0,1.0,1.0
1866,1419,109.0,Boczniak,1,1.0,1,3.0,1.0,1.0
1867,1430,109.0,Boczniak,1,1.0,1,4.0,1.0,1.0
1868,1439,109.0,Boczniak,1,1.0,1,1.0,1.0,1.0
1869,1440,109.0,Boczniak,1,1.0,1,1.0,1.0,1.0
1870,1450,109.0,Boczniak,1,1.0,3,4.0,1.0,3.0
1871,1462,109.0,Boczniak,1,1.0,1,2.0,1.0,1.0
1872,1475,109.0,Boczniak,1,1.0,1,1.0,1.0,1.0
1873,1485,109.0,Boczniak,1,1.0,1,4.0,1.0,1.0
1874,1490,109.0,Boczniak,1,1.0,1,1.0,1.0,1.0
1875,1491,109.0,Boczniak,1,1.0,1,3.0,1.0,1.0
1876,1501,109.0,Boczniak,1,1.0,1,2.0,1.0,1.0
1877,1504,109.0,Boczniak,1,1.0,4,3.0,2.0,5.0
1878,1508,109.0,Boczniak,1,1.0,1,2.0,1.0,1.0
1879,1514,109.0,Boczniak,1,1.0,1,3.0,1.0,1.0
1880,1562,109.0,Boczniak,1,1.0,5,2.0,1.0,1.0
1881,1583,109.0,Boczniak,1,1.0,1,2.0,1.0,1.0
1882,1589,109.0,Boczniak,1,1.0,3,1.0,1.0,1.0
1883,1599,109.0,Boczniak,1,1.0,3,2.0,1.0,1.0
1884,1605,109.0,Boczniak,1,1.0,1,1.0,1.0,1.0
1885,1612,109.0,Boczniak,1,1.0,3,4.0,1.0,1.0
1886,1634,109.0,Boczniak,1,1.0,1,3.0,1.0,1.0
1887,1649,109.0,Boczniak,1,1.0,1,1.0,1.0,1.0
1888,1654,109.0,Boczniak,1,1.0,1,1.0,1.0,1.0
1889,1664,109.0,Boczniak,1,1.0,1,5.0,1.0,1.0
1890,1672,109.0,Boczniak,1,1.0,1,4.0,1.0,1.0
1891,1674,109.0,Boczniak,1,1.0,4,3.0,5.0,1.0
1892,1697,109.0,Boczniak,1,1.0,3,5.0,1.0,1.0
1893,1716,109.0,Boczniak,1,1.0,1,5.0,1.0,1.0
1894,1729,109.0,Boczniak,1,1.0,4,5.0,3.0,1.0
1895,1733,109.0,Boczniak,1,1.0,1,3.0,1.0,5.0
1896,1749,109.0,Boczniak,1,1.0,1,5.0,1.0,5.0
1897,1777,109.0,Boczniak,1,1.0,1,2.0,1.0,1.0
1898,1783,109.0,Boczniak,1,1.0,3,4.0,1.0,1.0
1899,1799,109.0,Boczniak,1,1.0,4,4.0,1.0,1.0
1900,1828,109.0,Boczniak,1,1.0,4,4.0,2.0,1.0
1901,1851,109.0,Boczniak,1,1.0,1,5.0,1.0,1.0
1902,1866,109.0,Boczniak,1,1.0,1,5.0,1.0,1.0
1903,1869,109.0,Boczniak,1,1.0,1,3.0,1.0,1.0
1904,2027,109.0,Boczniak,1,1.0,1,3.0,1.0,1.0
1905,2053,109.0,Boczniak,1,1.0,1,2.0,1.0,1.0
1906,2069,109.0,Boczniak,1,1.0,3,3.0,1.0,1.0
1907,2107,109.0,Boczniak,1,1.0,3,2.0,1.0,1.0
1908,2114,109.0,Boczniak,1,1.0,3,5.0,1.0,1.0
1909,2120,109.0,Boczniak,1,1.0,1,2.0,1.0,5.0
1910,2180,109.0,Boczniak,1,1.0,4,3.0,5.0,1.0
1911,2201,109.0,Boczniak,1,1.0,5,5.0,3.0,1.0
1912,2205,109.0,Boczniak,1,1.0,1,5.0,1.0,1.0
1913,2210,109.0,Boczniak,1,1.0,3,4.0,1.0,1.0
1914,2214,109.0,Boczniak,1,1.0,5,1.0,5.0,1.0
1915,2265,109.0,Boczniak,1,1.0,1,4.0,1.0,1.0
1916,2279,109.0,Boczniak,1,1.0,1,3.0,1.0,1.0
1917,2285,109.0,Boczniak,1,1.0,3,4.0,1.0,1.0
1918,2287,109.0,Boczniak,1,1.0,3,4.0,1.0,1.0
1919,2304,109.0,Boczniak,1,1.0,5,5.0,5.0,1.0
1920,2309,109.0,Boczniak,1,1.0,5,1.0,3.0,1.0
1921,2313,109.0,Boczniak,1,1.0,1,3.0,1.0,1.0
1922,2329,109.0,Boczniak,1,1.0,3,5.0,1.0,1.0
1923,2355,109.0,Boczniak,1,1.0,5,5.0,5.0,1.0
1924,2368,109.0,Boczniak,1,1.0,3,3.0,1.0,5.0
1925,2373,109.0,Boczniak,1,1.0,1,4.0,1.0,1.0
1926,2375,109.0,Boczniak,1,1.0,3,2.0,1.0,1.0
1927,2407,109.0,Boczniak,1,1.0,1,5.0,1.0,1.0
1928,2418,109.0,Boczniak,1,1.0,5,4.0,2.0,1.0
1929,2430,109.0,Boczniak,1,1.0,1,3.0,1.0,1.0
1930,2437,109.0,Boczniak,1,1.0,1,4.0,1.0,1.0
1931,2466,109.0,Boczniak,1,1.0,5,3.0,1.0,1.0
1932,2470,109.0,Boczniak,1,1.0,5,4.0,3.0,1.0
1933,2523,109.0,Boczniak,1,1.0,1,3.0,1.0,5.0
1934,2549,109.0,Boczniak,1,1.0,3,1.0,1.0,1.0
1935,2563,109.0,Boczniak,1,1.0,1,5.0,1.0,3.0
1936,2567,109.0,Boczniak,1,1.0,1,5.0,1.0,1.0
1937,2579,109.0,Boczniak,1,1.0,4,5.0,3.0,1.0
1938,2598,109.0,Boczniak,1,1.0,1,1.0,1.0,1.0
1939,2613,109.0,Boczniak,1,1.0,5,5.0,5.0,1.0
1940,2619,109.0,Boczniak,1,1.0,1,3.0,1.0,1.0
1941,2623,109.0,Boczniak,1,1.0,1,4.0,1.0,1.0
1942,2642,109.0,Boczniak,1,1.0,4,5.0,2.0,1.0
1943,2645,109.0,Boczniak,1,1.0,5,3.0,4.0,1.0
1944,2670,109.0,Boczniak,1,1.0,3,5.0,1.0,1.0
1945,2674,109.0,Boczniak,1,1.0,3,5.0,1.0,3.0
1946,2688,109.0,Boczniak,1,1.0,5,5.0,4.0,1.0
1947,2691,109.0,Boczniak,1,1.0,3,5.0,1.0,3.0
1948,2727,109.0,Boczniak,1,1.0,4,2.0,5.0,1.0
1949,2731,109.0,Boczniak,1,1.0,4,1.0,1.0,1.0
1950,2742,109.0,Boczniak,1,1.0,1,4.0,1.0,1.0
1951,2775,109.0,Boczniak,1,1.0,4,3.0,3.0,1.0
1952,2786,109.0,Boczniak,1,1.0,4,5.0,5.0,1.0
1953,2798,109.0,Boczniak,1,1.0,1,1.0,1.0,1.0
1954,2809,109.0,Boczniak,1,1.0,1,2.0,1.0,1.0
1955,2837,109.0,Boczniak,1,1.0,1,3.0,1.0,1.0
1956,2886,109.0,Boczniak,1,1.0,3,5.0,1.0,1.0
1957,1150,110.0,Pieczarka,1,1.0,1,2.0,1.0,1.0
1958,1151,110.0,Pieczarka,1,1.0,1,1.0,1.0,1.0
1959,1154,110.0,Pieczarka,1,1.0,1,2.0,1.0,1.0
1960,1167,110.0,Pieczarka,1,1.0,1,5.0,1.0,1.0
1961,1187,110.0,Pieczarka,1,1.0,3,4.0,1.0,1.0
1962,1191,110.0,Pieczarka,1,1.0,1,2.0,1.0,3.0
1963,1218,110.0,Pieczarka,1,1.0,1,4.0,1.0,1.0
1964,1230,110.0,Pieczarka,1,1.0,3,1.0,1.0,1.0
1965,1234,110.0,Pieczarka,1,1.0,1,4.0,1.0,1.0
1966,1242,110.0,Pieczarka,1,1.0,1,2.0,1.0,1.0
1967,1253,110.0,Pieczarka,1,1.0,4,5.0,3.0,1.0
1968,1280,110.0,Pieczarka,1,1.0,5,3.0,3.0,1.0
1969,1301,110.0,Pieczarka,1,1.0,1,2.0,1.0,1.0
1970,1311,110.0,Pieczarka,1,1.0,1,2.0,1.0,1.0
1971,1323,110.0,Pieczarka,1,1.0,1,3.0,1.0,1.0
1972,1336,110.0,Pieczarka,1,1.0,1,2.0,1.0,5.0
1973,1344,110.0,Pieczarka,1,1.0,1,2.0,1.0,1.0
1974,1357,110.0,Pieczarka,1,1.0,1,5.0,1.0,1.0
1975,1360,110.0,Pieczarka,1,1.0,1,1.0,1.0,1.0
1976,1364,110.0,Pieczarka,1,1.0,1,3.0,1.0,1.0
1977,1368,110.0,Pieczarka,1,1.0,1,5.0,1.0,1.0
1978,1371,110.0,Pieczarka,1,1.0,4,3.0,4.0,1.0
1979,1375,110.0,Pieczarka,1,1.0,1,1.0,1.0,1.0
1980,1393,110.0,Pieczarka,1,1.0,1,1.0,1.0,1.0
1981,1403,110.0,Pieczarka,1,1.0,1,5.0,1.0,1.0
1982,1404,110.0,Pieczarka,1,1.0,1,4.0,1.0,5.0
1983,1419,110.0,Pieczarka,1,1.0,1,1.0,1.0,1.0
1984,1438,110.0,Pieczarka,1,1.0,1,4.0,1.0,1.0
1985,1439,110.0,Pieczarka,1,1.0,4,5.0,4.0,1.0
1986,1440,110.0,Pieczarka,1,1.0,3,3.0,1.0,1.0
1987,1450,110.0,Pieczarka,1,1.0,3,4.0,1.0,1.0
1988,1462,110.0,Pieczarka,1,1.0,1,1.0,1.0,1.0
1989,1475,110.0,Pieczarka,1,1.0,1,1.0,1.0,1.0
1990,1485,110.0,Pieczarka,1,1.0,1,4.0,1.0,1.0
1991,1486,110.0,Pieczarka,1,1.0,3,5.0,1.0,1.0
1992,1490,110.0,Pieczarka,1,1.0,1,2.0,1.0,1.0
1993,1491,110.0,Pieczarka,1,1.0,1,3.0,1.0,1.0
1994,1501,110.0,Pieczarka,1,1.0,1,2.0,1.0,1.0
1995,1504,110.0,Pieczarka,1,1.0,4,1.0,5.0,1.0
1996,1508,110.0,Pieczarka,1,1.0,1,4.0,1.0,5.0
1997,1514,110.0,Pieczarka,1,1.0,1,2.0,1.0,1.0
1998,1540,110.0,Pieczarka,1,1.0,1,5.0,1.0,1.0
1999,1562,110.0,Pieczarka,1,1.0,1,3.0,1.0,3.0
2000,1583,110.0,Pieczarka,1,1.0,1,1.0,1.0,1.0
2001,1589,110.0,Pieczarka,1,1.0,3,1.0,1.0,1.0
2002,1593,110.0,Pieczarka,1,1.0,4,1.0,1.0,1.0
2003,1599,110.0,Pieczarka,1,1.0,3,4.0,1.0,1.0
2004,1605,110.0,Pieczarka,1,1.0,1,1.0,1.0,1.0
2005,1626,110.0,Pieczarka,1,1.0,1,2.0,1.0,1.0
2006,1634,110.0,Pieczarka,1,1.0,1,3.0,1.0,5.0
2007,1649,110.0,Pieczarka,1,1.0,1,5.0,1.0,1.0
2008,1654,110.0,Pieczarka,1,1.0,1,1.0,1.0,1.0
2009,1664,110.0,Pieczarka,1,1.0,1,4.0,1.0,1.0
2010,1672,110.0,Pieczarka,1,1.0,1,2.0,1.0,1.0
2011,1674,110.0,Pieczarka,1,1.0,1,4.0,1.0,1.0
2012,1692,110.0,Pieczarka,1,1.0,4,4.0,4.0,5.0
2013,1697,110.0,Pieczarka,1,1.0,3,5.0,1.0,5.0
2014,1716,110.0,Pieczarka,1,1.0,1,999.0,1.0,1.0
2015,1729,110.0,Pieczarka,1,1.0,1,4.0,1.0,3.0
2016,1733,110.0,Pieczarka,1,1.0,1,4.0,1.0,1.0
2017,1739,110.0,Pieczarka,1,1.0,1,1.0,1.0,1.0
2018,1749,110.0,Pieczarka,1,1.0,1,3.0,1.0,1.0
2019,1777,110.0,Pieczarka,1,1.0,1,3.0,1.0,1.0
2020,1783,110.0,Pieczarka,1,1.0,3,3.0,1.0,5.0
2021,1799,110.0,Pieczarka,1,1.0,4,1.0,2.0,1.0
2022,1800,110.0,Pieczarka,1,1.0,1,1.0,1.0,1.0
2023,1828,110.0,Pieczarka,1,1.0,1,2.0,1.0,1.0
2024,1851,110.0,Pieczarka,1,1.0,1,2.0,1.0,1.0
2025,1866,110.0,Pieczarka,1,1.0,1,5.0,1.0,3.0
2026,1869,110.0,Pieczarka,1,1.0,1,3.0,1.0,1.0
2027,1976,110.0,Pieczarka,1,1.0,3,3.0,1.0,1.0
2028,2008,110.0,Pieczarka,1,1.0,1,3.0,1.0,1.0
2029,2053,110.0,Pieczarka,1,1.0,1,2.0,1.0,1.0
2030,2069,110.0,Pieczarka,1,1.0,3,4.0,1.0,1.0
2031,2086,110.0,Pieczarka,1,1.0,5,5.0,5.0,1.0
2032,2107,110.0,Pieczarka,1,1.0,3,1.0,1.0,1.0
2033,2120,110.0,Pieczarka,1,1.0,3,5.0,1.0,1.0
2034,2122,110.0,Pieczarka,1,1.0,1,4.0,1.0,3.0
2035,2131,110.0,Pieczarka,1,1.0,5,3.0,5.0,1.0
2036,2147,110.0,Pieczarka,1,1.0,4,5.0,4.0,1.0
2037,2164,110.0,Pieczarka,1,1.0,3,5.0,1.0,1.0
2038,2170,110.0,Pieczarka,1,1.0,1,4.0,1.0,3.0
2039,2180,110.0,Pieczarka,1,1.0,4,3.0,2.0,5.0
2040,2192,110.0,Pieczarka,1,1.0,4,2.0,1.0,1.0
2041,2210,110.0,Pieczarka,1,1.0,1,5.0,1.0,1.0
2042,2218,110.0,Pieczarka,1,1.0,4,5.0,3.0,1.0
2043,2227,110.0,Pieczarka,1,1.0,5,2.0,3.0,1.0
2044,2247,110.0,Pieczarka,1,1.0,5,4.0,4.0,1.0
2045,2285,110.0,Pieczarka,1,1.0,1,2.0,1.0,1.0
2046,2304,110.0,Pieczarka,1,1.0,5,4.0,5.0,1.0
2047,2309,110.0,Pieczarka,1,1.0,4,4.0,5.0,1.0
2048,2313,110.0,Pieczarka,1,1.0,4,2.0,1.0,1.0
2049,2324,110.0,Pieczarka,1,1.0,3,2.0,1.0,1.0
2050,2329,110.0,Pieczarka,1,1.0,3,4.0,1.0,1.0
2051,2355,110.0,Pieczarka,1,1.0,1,1.0,1.0,5.0
2052,2356,110.0,Pieczarka,1,1.0,3,5.0,1.0,1.0
2053,2386,110.0,Pieczarka,1,1.0,3,4.0,1.0,1.0
2054,2391,110.0,Pieczarka,1,1.0,1,2.0,1.0,1.0
2055,2403,110.0,Pieczarka,1,1.0,4,5.0,1.0,1.0
2056,2418,110.0,Pieczarka,1,1.0,5,3.0,1.0,1.0
2057,2437,110.0,Pieczarka,1,1.0,3,4.0,1.0,1.0
2058,2455,110.0,Pieczarka,1,1.0,4,1.0,4.0,1.0
2059,2466,110.0,Pieczarka,1,1.0,4,4.0,1.0,1.0
2060,2470,110.0,Pieczarka,1,1.0,5,1.0,3.0,1.0
2061,2520,110.0,Pieczarka,1,1.0,4,3.0,2.0,1.0
2062,2523,110.0,Pieczarka,1,1.0,5,3.0,3.0,1.0
2063,2527,110.0,Pieczarka,1,1.0,1,1.0,1.0,1.0
2064,2563,110.0,Pieczarka,1,1.0,1,3.0,1.0,1.0
2065,2579,110.0,Pieczarka,1,1.0,4,1.0,4.0,1.0
2066,2583,110.0,Pieczarka,1,1.0,4,5.0,4.0,1.0
2067,2594,110.0,Pieczarka,1,1.0,1,2.0,1.0,1.0
2068,2609,110.0,Pieczarka,1,1.0,4,5.0,5.0,5.0
2069,2619,110.0,Pieczarka,1,1.0,4,4.0,2.0,3.0
2070,2623,110.0,Pieczarka,1,1.0,1,3.0,1.0,1.0
2071,2625,110.0,Pieczarka,1,1.0,5,3.0,3.0,1.0
2072,2631,110.0,Pieczarka,1,1.0,4,3.0,1.0,1.0
2073,2642,110.0,Pieczarka,1,1.0,5,4.0,1.0,1.0
2074,2674,110.0,Pieczarka,1,1.0,5,5.0,4.0,5.0
2075,2688,110.0,Pieczarka,1,1.0,3,4.0,1.0,1.0
2076,2707,110.0,Pieczarka,1,1.0,5,4.0,1.0,1.0
2077,2727,110.0,Pieczarka,1,1.0,5,4.0,1.0,1.0
2078,2731,110.0,Pieczarka,1,1.0,4,2.0,3.0,1.0
2079,2744,110.0,Pieczarka,1,1.0,1,5.0,1.0,1.0
2080,2780,110.0,Pieczarka,1,1.0,3,4.0,1.0,1.0
2081,2786,110.0,Pieczarka,1,1.0,3,3.0,1.0,1.0
2082,2798,110.0,Pieczarka,1,1.0,5,5.0,1.0,1.0
2083,2801,110.0,Pieczarka,1,1.0,3,3.0,1.0,1.0
2084,2822,110.0,Pieczarka,1,1.0,4,4.0,5.0,3.0
2085,2837,110.0,Pieczarka,1,1.0,1,3.0,1.0,1.0
2086,2865,110.0,Pieczarka,1,1.0,1,3.0,1.0,1.0
2087,2886,110.0,Pieczarka,1,1.0,3,3.0,1.0,1.0
